run_id,review_id,phase,decision,summary,evidence,mutations,fallback_reason,outcome
main32_rule_s0,39e0ffefc4c6dd97d4d2b12622c40892b48f1d420a7477b059c3aca1d59880f4,repair,continue,Independent scheduler timing failed; test reduced scheduling fanout,"[""validation""]","[{""layer"": ""compiler"", ""field"": ""queue_depth"", ""operation"": ""set"", ""value"": 2, ""expected_effect"": ""test constraint recovery and latency/energy trade-off; independent evidence is required for acceptance"", ""risk"": ""may worsen another objective or remain infeasible""}]",,"{""state"": ""evaluated"", ""before"": {""tile_q"": 64, ""tile_k"": 64, ""tile_d"": 64, ""parallelism"": 16, ""double_buffer"": true, ""num_rows"": 32, ""pe_per_row"": 8, ""reg_width"": 32, ""data_width"": 16, ""sram_bytes"": 262144, ""queue_depth"": 4, ""divider_stages"": 12, ""bank_count"": 32}, ""after"": {""tile_q"": 64, ""tile_k"": 64, ""tile_d"": 64, ""parallelism"": 16, ""double_buffer"": true, ""num_rows"": 32, ""pe_per_row"": 8, ""reg_width"": 32, ""data_width"": 16, ""sram_bytes"": 262144, ""queue_depth"": 2, ""divider_stages"": 12, ""bank_count"": 32}, ""feasible"": true, ""metrics"": {""cycles"": 25652.68389043134, ""compute_cycles"": 22641.380309295095, ""memory_slowdown"": 1.133, ""memory_slowdown_source"": ""measured:xm"", ""clock_period_ns"": 2.528, ""max_frequency_mhz"": 395.56962025316454, ""seconds"": 6.484998487501043e-05, ""pe_utilization"": 0.8698824707106907, ""throughput"": 7895144.478241756, ""dram_bytes"": 13412708.545454545, ""area"": 3038163.9616, ""power"": 743.6162518810235, ""energy_j"": 4.822350268729632e-05, ""energy_efficiency_tasks_per_j"": 20736.776556536475, ""energy_scope"": ""partial-model:execute-array-dynamic+sram-leakage"", ""edp"": 3.1272934198911912e-09}, ""violations"": [], ""model_frontier_extended"": true, ""independent_improvement"": null, ""independent_module_verified"": false, ""independent_observations"": [{""design_id"": ""466f5b256aa287443a6948d75b8736f52e0d62ff9580279496400f69eaabe4a9"", ""scope"": ""BlockScheduler, 32 rows x 8 PE, M=32; not full attention"", ""function_passed"": true, ""frequency_feasible"": false, ""metrics"": {""queue_depth"": 2.0, ""rows"": 32.0, ""pe"": 8.0, ""imbalance"": 1.329141, ""row_util"": 0.858381, ""pe_util"": 0.858381, ""cycles"": 220.0, ""area_um2"": 41951.658, ""cells"": 16832.0, ""estimated_power_mw"": 8.168453000000001, ""assumed_activity"": 0.0213, ""critical_path_ns"": 2.8915, ""sta_period_ns"": 2.857142857142857, ""slack_ns"": -0.0701, ""max_frequency_mhz"": 341.6183927342648}, ""latency_s"": null, ""identity_ok"": true, ""complete_captured_task"": true, ""sources_unchanged"": true, ""frequency_matches"": true, ""source"": {""model"": ""TinyLlama/TinyLlama-1.1B-intermediate-step-1431k-3T"", ""dataset"": ""wiki"", ""layer"": 10, ""seq_len"": 512, ""seed"": 20260903, ""head"": 0, ""token_sha256"": ""72f72a42f8d647ef0db223e6b033d5cb32edc2e9cf91a95cf93eafe6710422e6""}, ""log_uri"": ""/scratch/gz2522/gz2522/tmp/micro-hackthon/runs/critic_ablation_20260911/runs/main32_rule_s0/466f5b256aa287443a6948d75b8736f52e0d62ff9580279496400f69eaabe4a9/rtl/validation.json""}], ""independent_constraint_recovered"": false, ""independent_energy_improvement"": null, ""independent_scope"": ""scheduler only; constraint recovery is not a whole-task Pareto gain""}"
main32_rule_s0,b3241b21af5fc6f4319ec4df6c84e4a3e269226d848ad8e25cce93c84a19b8f2,repair,continue,Independent scheduler timing failed; test reduced scheduling fanout,"[""validation""]","[{""layer"": ""compiler"", ""field"": ""queue_depth"", ""operation"": ""set"", ""value"": 0, ""expected_effect"": ""test constraint recovery and latency/energy trade-off; independent evidence is required for acceptance"", ""risk"": ""may worsen another objective or remain infeasible""}]",,"{""state"": ""evaluated"", ""before"": {""tile_q"": 64, ""tile_k"": 64, ""tile_d"": 64, ""parallelism"": 16, ""double_buffer"": true, ""num_rows"": 32, ""pe_per_row"": 8, ""reg_width"": 32, ""data_width"": 16, ""sram_bytes"": 262144, ""queue_depth"": 2, ""divider_stages"": 12, ""bank_count"": 32}, ""after"": {""tile_q"": 64, ""tile_k"": 64, ""tile_d"": 64, ""parallelism"": 16, ""double_buffer"": true, ""num_rows"": 32, ""pe_per_row"": 8, ""reg_width"": 32, ""data_width"": 16, ""sram_bytes"": 262144, ""queue_depth"": 0, ""divider_stages"": 12, ""bank_count"": 32}, ""feasible"": true, ""metrics"": {""cycles"": 32328.41158535653, ""compute_cycles"": 28533.461240385288, ""memory_slowdown"": 1.133, ""memory_slowdown_source"": ""measured:xm"", ""clock_period_ns"": 2.273, ""max_frequency_mhz"": 439.94720633523974, ""seconds"": 7.348247953351541e-05, ""pe_utilization"": 0.690254143295938, ""throughput"": 6967647.298380514, ""dram_bytes"": 13412708.545454545, ""area"": 3003178.5616, ""power"": 600.603362726494, ""energy_j"": 4.413382430931012e-05, ""energy_efficiency_tasks_per_j"": 22658.358201445233, ""energy_scope"": ""partial-model:execute-array-dynamic+sram-leakage"", ""edp"": 3.2430628415446456e-09}, ""violations"": [], ""model_frontier_extended"": true, ""independent_improvement"": null, ""independent_module_verified"": true, ""independent_observations"": [{""design_id"": ""86db208eda7fb8f9e075532a45993414af24f3337d2ece0630d2f675d59b39c0"", ""scope"": ""BlockScheduler, 32 rows x 8 PE, M=32; not full attention"", ""function_passed"": true, ""frequency_feasible"": true, ""metrics"": {""queue_depth"": 0.0, ""rows"": 32.0, ""pe"": 8.0, ""imbalance"": 1.329141, ""row_util"": 0.752366, ""pe_util"": 0.752366, ""cycles"": 251.0, ""area_um2"": 13940.262, ""cells"": 6152.0, ""estimated_power_mw"": 2.799779, ""assumed_activity"": 0.0213, ""critical_path_ns"": 2.4835, ""sta_period_ns"": 2.857142857142857, ""slack_ns"": 0.3378, ""max_frequency_mhz"": 396.92890436281573}, ""latency_s"": 7.171428571428571e-07, ""identity_ok"": true, ""complete_captured_task"": true, ""sources_unchanged"": true, ""frequency_matches"": true, ""source"": {""model"": ""TinyLlama/TinyLlama-1.1B-intermediate-step-1431k-3T"", ""dataset"": ""wiki"", ""layer"": 10, ""seq_len"": 512, ""seed"": 20260903, ""head"": 0, ""token_sha256"": ""72f72a42f8d647ef0db223e6b033d5cb32edc2e9cf91a95cf93eafe6710422e6""}, ""log_uri"": ""/scratch/gz2522/gz2522/tmp/micro-hackthon/runs/critic_ablation_20260911/runs/main32_rule_s0/86db208eda7fb8f9e075532a45993414af24f3337d2ece0630d2f675d59b39c0/rtl/validation.json""}], ""independent_constraint_recovered"": true, ""independent_energy_improvement"": null, ""independent_scope"": ""scheduler only; constraint recovery is not a whole-task Pareto gain""}"
main32_rule_s0,10d7b0c5ace051c684e1c567409179a5c51e3697aa9e85b8d6ba3f72590e3cbd,repair,continue,Test a scheduling/memory trade-off on the model Pareto frontier,"[""history""]","[{""layer"": ""compiler"", ""field"": ""num_rows"", ""operation"": ""set"", ""value"": 16, ""expected_effect"": ""test constraint recovery and latency/energy trade-off; independent evidence is required for acceptance"", ""risk"": ""may worsen another objective or remain infeasible""}]",,"{""state"": ""evaluated"", ""before"": {""tile_q"": 64, ""tile_k"": 64, ""tile_d"": 64, ""parallelism"": 16, ""double_buffer"": true, ""num_rows"": 32, ""pe_per_row"": 8, ""reg_width"": 32, ""data_width"": 16, ""sram_bytes"": 262144, ""queue_depth"": 0, ""divider_stages"": 12, ""bank_count"": 32}, ""after"": {""tile_q"": 64, ""tile_k"": 64, ""tile_d"": 64, ""parallelism"": 16, ""double_buffer"": true, ""num_rows"": 16, ""pe_per_row"": 8, ""reg_width"": 32, ""data_width"": 16, ""sram_bytes"": 262144, ""queue_depth"": 0, ""divider_stages"": 12, ""bank_count"": 32}, ""feasible"": true, ""metrics"": {""cycles"": 60790.20458262795, ""compute_cycles"": 53654.196454217075, ""memory_slowdown"": 1.133, ""memory_slowdown_source"": ""measured:xm"", ""clock_period_ns"": 2.273, ""max_frequency_mhz"": 439.94720633523974, ""seconds"": 0.00013817613501631334, ""pe_utilization"": 0.7341584124013845, ""throughput"": 3705415.554860847, ""dram_bytes"": 13412708.545454545, ""area"": 2031683.9048000001, ""power"": 343.30440480874313, ""energy_j"": 4.743647579054798e-05, ""energy_efficiency_tasks_per_j"": 21080.824056479683, ""energy_scope"": ""partial-model:execute-array-dynamic+sram-leakage"", ""edp"": 6.554588883532837e-09}, ""violations"": [], ""model_frontier_extended"": false, ""independent_improvement"": null, ""independent_module_verified"": true, ""independent_observations"": [{""design_id"": ""2378616afe21600fe56926ad43ec986e3261b39168f3c174df61cc2fe1d24b45"", ""scope"": ""BlockScheduler, 16 rows x 8 PE, M=32; not full attention"", ""function_passed"": true, ""frequency_feasible"": true, ""metrics"": {""queue_depth"": 0.0, ""rows"": 16.0, ""pe"": 8.0, ""imbalance"": 1.265597, ""row_util"": 0.790141, ""pe_util"": 0.790141, ""cycles"": 478.0, ""area_um2"": 7374.318, ""cells"": 3321.0, ""estimated_power_mw"": 1.478434, ""assumed_activity"": 0.0213, ""critical_path_ns"": 2.364, ""sta_period_ns"": 2.857142857142857, ""slack_ns"": 0.4585, ""max_frequency_mhz"": 416.9024150561329}, ""latency_s"": 1.3657142857142857e-06, ""identity_ok"": true, ""complete_captured_task"": true, ""sources_unchanged"": true, ""frequency_matches"": true, ""source"": {""model"": ""TinyLlama/TinyLlama-1.1B-intermediate-step-1431k-3T"", ""dataset"": ""wiki"", ""layer"": 10, ""seq_len"": 512, ""seed"": 20260903, ""head"": 0, ""token_sha256"": ""72f72a42f8d647ef0db223e6b033d5cb32edc2e9cf91a95cf93eafe6710422e6""}, ""log_uri"": ""/scratch/gz2522/gz2522/tmp/micro-hackthon/runs/critic_ablation_20260911/runs/main32_rule_s0/2378616afe21600fe56926ad43ec986e3261b39168f3c174df61cc2fe1d24b45/rtl/validation.json""}], ""independent_constraint_recovered"": false, ""independent_energy_improvement"": null, ""independent_scope"": ""scheduler only; constraint recovery is not a whole-task Pareto gain""}"
main32_rule_s0,3ad82c285d63d589447e95c1005a2065d36a29fa773bf33bf918de3901e217cb,repair,continue,Test a scheduling/memory trade-off on the model Pareto frontier,"[""history""]","[{""layer"": ""compiler"", ""field"": ""queue_depth"", ""operation"": ""set"", ""value"": 2, ""expected_effect"": ""test constraint recovery and latency/energy trade-off; independent evidence is required for acceptance"", ""risk"": ""may worsen another objective or remain infeasible""}]",,"{""state"": ""evaluated"", ""before"": {""tile_q"": 64, ""tile_k"": 64, ""tile_d"": 64, ""parallelism"": 16, ""double_buffer"": true, ""num_rows"": 16, ""pe_per_row"": 8, ""reg_width"": 32, ""data_width"": 16, ""sram_bytes"": 262144, ""queue_depth"": 0, ""divider_stages"": 12, ""bank_count"": 32}, ""after"": {""tile_q"": 64, ""tile_k"": 64, ""tile_d"": 64, ""parallelism"": 16, ""double_buffer"": true, ""num_rows"": 16, ""pe_per_row"": 8, ""reg_width"": 32, ""data_width"": 16, ""sram_bytes"": 262144, ""queue_depth"": 2, ""divider_stages"": 12, ""bank_count"": 32}, ""feasible"": true, ""metrics"": {""cycles"": 50016.49491816765, ""compute_cycles"": 44145.18527640569, ""memory_slowdown"": 1.133, ""memory_slowdown_source"": ""measured:xm"", ""clock_period_ns"": 2.528, ""max_frequency_mhz"": 395.56962025316454, ""seconds"": 0.00012644169915312784, ""pe_utilization"": 0.8922984339257755, ""throughput"": 4049297.054921256, ""dram_bytes"": 13412708.545454545, ""area"": 2049176.6048, ""power"": 406.25678457717265, ""energy_j"": 5.136779813442393e-05, ""energy_efficiency_tasks_per_j"": 19467.449186416536, ""energy_scope"": ""partial-model:execute-array-dynamic+sram-leakage"", ""edp"": 6.495031677871433e-09}, ""violations"": [], ""model_frontier_extended"": false, ""independent_improvement"": null, ""independent_module_verified"": true, ""independent_observations"": [{""design_id"": ""9745d7a17334845f9aa9aaa38999949b658ef21b6f74390dfb9af6e7d66d0a94"", ""scope"": ""BlockScheduler, 16 rows x 8 PE, M=32; not full attention"", ""function_passed"": true, ""frequency_feasible"": true, ""metrics"": {""queue_depth"": 2.0, ""rows"": 16.0, ""pe"": 8.0, ""imbalance"": 1.265597, ""row_util"": 0.903559, ""pe_util"": 0.903559, ""cycles"": 418.0, ""area_um2"": 21387.198, ""cells"": 8636.0, ""estimated_power_mw"": 4.162457, ""assumed_activity"": 0.0213, ""critical_path_ns"": 2.6061, ""sta_period_ns"": 2.857142857142857, ""slack_ns"": 0.2164, ""max_frequency_mhz"": 378.68132343712807}, ""latency_s"": 1.1942857142857144e-06, ""identity_ok"": true, ""complete_captured_task"": true, ""sources_unchanged"": true, ""frequency_matches"": true, ""source"": {""model"": ""TinyLlama/TinyLlama-1.1B-intermediate-step-1431k-3T"", ""dataset"": ""wiki"", ""layer"": 10, ""seq_len"": 512, ""seed"": 20260903, ""head"": 0, ""token_sha256"": ""72f72a42f8d647ef0db223e6b033d5cb32edc2e9cf91a95cf93eafe6710422e6""}, ""log_uri"": ""/scratch/gz2522/gz2522/tmp/micro-hackthon/runs/critic_ablation_20260911/runs/main32_rule_s0/9745d7a17334845f9aa9aaa38999949b658ef21b6f74390dfb9af6e7d66d0a94/rtl/validation.json""}], ""independent_constraint_recovered"": false, ""independent_energy_improvement"": null, ""independent_scope"": ""scheduler only; constraint recovery is not a whole-task Pareto gain""}"
main32_rule_s0,b238d315a532448126637fef89426362af14ece4714f02da0c6c9cbed18934b8,repair,continue,Test a scheduling/memory trade-off on the model Pareto frontier,"[""history""]","[{""layer"": ""compiler"", ""field"": ""queue_depth"", ""operation"": ""set"", ""value"": 4, ""expected_effect"": ""test constraint recovery and latency/energy trade-off; independent evidence is required for acceptance"", ""risk"": ""may worsen another objective or remain infeasible""}]",,"{""state"": ""evaluated"", ""before"": {""tile_q"": 64, ""tile_k"": 64, ""tile_d"": 64, ""parallelism"": 16, ""double_buffer"": true, ""num_rows"": 16, ""pe_per_row"": 8, ""reg_width"": 32, ""data_width"": 16, ""sram_bytes"": 262144, ""queue_depth"": 2, ""divider_stages"": 12, ""bank_count"": 32}, ""after"": {""tile_q"": 64, ""tile_k"": 64, ""tile_d"": 64, ""parallelism"": 16, ""double_buffer"": true, ""num_rows"": 16, ""pe_per_row"": 8, ""reg_width"": 32, ""data_width"": 16, ""sram_bytes"": 262144, ""queue_depth"": 4, ""divider_stages"": 12, ""bank_count"": 32}, ""feasible"": true, ""metrics"": {""cycles"": 47861.75298527559, ""compute_cycles"": 42243.383040843415, ""memory_slowdown"": 1.133, ""memory_slowdown_source"": ""measured:xm"", ""clock_period_ns"": 2.76, ""max_frequency_mhz"": 362.3188405797102, ""seconds"": 0.0001320984382393606, ""pe_utilization"": 0.9324698178035303, ""throughput"": 3875897.450598642, ""dram_bytes"": 13412708.545454545, ""area"": 2065610.9048000001, ""power"": 422.2482090712293, ""energy_j"": 5.5778328967676417e-05, ""energy_efficiency_tasks_per_j"": 17928.109688970795, ""energy_scope"": ""partial-model:execute-array-dynamic+sram-leakage"", ""edp"": 7.368230144231342e-09}, ""violations"": [], ""model_frontier_extended"": false, ""independent_improvement"": null, ""independent_module_verified"": false, ""independent_observations"": [{""design_id"": ""0281a748831ee8a794653443deb9f9353e7d3b08e0e3e050b630eacddaa24bec"", ""scope"": ""BlockScheduler, 16 rows x 8 PE, M=32; not full attention"", ""function_passed"": true, ""frequency_feasible"": false, ""metrics"": {""queue_depth"": 4.0, ""rows"": 16.0, ""pe"": 8.0, ""imbalance"": 1.265597, ""row_util"": 0.93719, ""pe_util"": 0.93719, ""cycles"": 403.0, ""area_um2"": 34854.512, ""cells"": 13647.0, ""estimated_power_mw"": 6.736003, ""assumed_activity"": 0.0213, ""critical_path_ns"": 2.8837, ""sta_period_ns"": 2.857142857142857, ""slack_ns"": -0.0624, ""max_frequency_mhz"": 342.51937681045956}, ""latency_s"": null, ""identity_ok"": true, ""complete_captured_task"": true, ""sources_unchanged"": true, ""frequency_matches"": true, ""source"": {""model"": ""TinyLlama/TinyLlama-1.1B-intermediate-step-1431k-3T"", ""dataset"": ""wiki"", ""layer"": 10, ""seq_len"": 512, ""seed"": 20260903, ""head"": 0, ""token_sha256"": ""72f72a42f8d647ef0db223e6b033d5cb32edc2e9cf91a95cf93eafe6710422e6""}, ""log_uri"": ""/scratch/gz2522/gz2522/tmp/micro-hackthon/runs/critic_ablation_20260911/runs/main32_rule_s0/0281a748831ee8a794653443deb9f9353e7d3b08e0e3e050b630eacddaa24bec/rtl/validation.json""}], ""independent_constraint_recovered"": false, ""independent_energy_improvement"": null, ""independent_scope"": ""scheduler only; constraint recovery is not a whole-task Pareto gain""}"
main32_llm_s0,39e0ffefc4c6dd97d4d2b12622c40892b48f1d420a7477b059c3aca1d59880f4,repair,continue,"The parent point is infeasible because it fails to meet the 350MHz frequency target. The independent validation of the BlockScheduler, which is part of the overall design, shows a maximum achievable frequency of only 324.07MHz, resulting in a negative slack of -0.2286ns. The analytical model's prediction of 362.3MHz in the history was overly optimistic and has been invalidated by this more accurat","[""validation.0.frequency_feasible"", ""validation.0.metrics.max_frequency_mhz"", ""validation.0.metrics.slack_ns"", ""history.0.feasible"", ""constraints.target_mhz""]","[{""layer"": ""compiler"", ""field"": ""queue_depth"", ""operation"": ""set"", ""value"": 2, ""expected_effect"": ""The design will become frequency-feasible by meeting the 350MHz target. This may cause a slight increase in total cycles due to reduced buffering, but will result in a valid hardware point."", ""risk"": ""The reduction in queue depth may not be sufficient to close the timing gap. Alternatively, it could degrade performance by increasing stalls, potentially making the resulting feasible point worse in terms of latency and energy than other possible repairs.""}]",,"{""state"": ""evaluated"", ""before"": {""tile_q"": 64, ""tile_k"": 64, ""tile_d"": 64, ""parallelism"": 16, ""double_buffer"": true, ""num_rows"": 32, ""pe_per_row"": 8, ""reg_width"": 32, ""data_width"": 16, ""sram_bytes"": 262144, ""queue_depth"": 4, ""divider_stages"": 12, ""bank_count"": 32}, ""after"": {""tile_q"": 64, ""tile_k"": 64, ""tile_d"": 64, ""parallelism"": 16, ""double_buffer"": true, ""num_rows"": 32, ""pe_per_row"": 8, ""reg_width"": 32, ""data_width"": 16, ""sram_bytes"": 262144, ""queue_depth"": 2, ""divider_stages"": 12, ""bank_count"": 32}, ""feasible"": true, ""metrics"": {""cycles"": 25652.68389043134, ""compute_cycles"": 22641.380309295095, ""memory_slowdown"": 1.133, ""memory_slowdown_source"": ""measured:xm"", ""clock_period_ns"": 2.528, ""max_frequency_mhz"": 395.56962025316454, ""seconds"": 6.484998487501043e-05, ""pe_utilization"": 0.8698824707106907, ""throughput"": 7895144.478241756, ""dram_bytes"": 13412708.545454545, ""area"": 3038163.9616, ""power"": 743.6162518810235, ""energy_j"": 4.822350268729632e-05, ""energy_efficiency_tasks_per_j"": 20736.776556536475, ""energy_scope"": ""partial-model:execute-array-dynamic+sram-leakage"", ""edp"": 3.1272934198911912e-09}, ""violations"": [], ""model_frontier_extended"": true, ""independent_improvement"": null, ""independent_module_verified"": false, ""independent_observations"": [{""design_id"": ""466f5b256aa287443a6948d75b8736f52e0d62ff9580279496400f69eaabe4a9"", ""scope"": ""BlockScheduler, 32 rows x 8 PE, M=32; not full attention"", ""function_passed"": true, ""frequency_feasible"": false, ""metrics"": {""queue_depth"": 2.0, ""rows"": 32.0, ""pe"": 8.0, ""imbalance"": 1.329141, ""row_util"": 0.858381, ""pe_util"": 0.858381, ""cycles"": 220.0, ""area_um2"": 41951.658, ""cells"": 16832.0, ""estimated_power_mw"": 8.168453000000001, ""assumed_activity"": 0.0213, ""critical_path_ns"": 2.8915, ""sta_period_ns"": 2.857142857142857, ""slack_ns"": -0.0701, ""max_frequency_mhz"": 341.6183927342648}, ""latency_s"": null, ""identity_ok"": true, ""complete_captured_task"": true, ""sources_unchanged"": true, ""frequency_matches"": true, ""source"": {""model"": ""TinyLlama/TinyLlama-1.1B-intermediate-step-1431k-3T"", ""dataset"": ""wiki"", ""layer"": 10, ""seq_len"": 512, ""seed"": 20260903, ""head"": 0, ""token_sha256"": ""72f72a42f8d647ef0db223e6b033d5cb32edc2e9cf91a95cf93eafe6710422e6""}, ""log_uri"": ""/scratch/gz2522/gz2522/tmp/micro-hackthon/runs/critic_ablation_20260911/runs/main32_llm_s0/466f5b256aa287443a6948d75b8736f52e0d62ff9580279496400f69eaabe4a9/rtl/validation.json""}], ""independent_constraint_recovered"": false, ""independent_energy_improvement"": null, ""independent_scope"": ""scheduler only; constraint recovery is not a whole-task Pareto gain""}"
main32_llm_s0,ec31257b13b63bcbbeb4035dd8d8c592f2a65c93aeca28e578274c80e78194ae,repair,continue,"The parent point (queue_depth=2) failed independent scheduler validation due to a timing violation, achieving only 341.6 MHz against a 350 MHz target. The analytical model was overly optimistic, predicting 395.6 MHz. The history suggests a trend where lower queue depth improves timing (queue_depth=4 had a lower predicted frequency than queue_depth=2). To fix the timing failure, I propose reducing ","[""validation.0.frequency_feasible"", ""validation.0.metrics.max_frequency_mhz"", ""validation.0.metrics.slack_ns"", ""history.1.violations"", ""history.1.metrics.max_frequency_mhz""]","[{""layer"": ""compiler"", ""field"": ""queue_depth"", ""operation"": ""set"", ""value"": 0, ""expected_effect"": ""Increase max_frequency_mhz to >= 350 MHz by simplifying scheduler logic, making the design timing-feasible."", ""risk"": ""Removing the queue entirely may introduce pipeline stalls if the scheduler cannot buffer tasks, potentially increasing total cycles and thus overall latency and energy consumption.""}]",,"{""state"": ""evaluated"", ""before"": {""tile_q"": 64, ""tile_k"": 64, ""tile_d"": 64, ""parallelism"": 16, ""double_buffer"": true, ""num_rows"": 32, ""pe_per_row"": 8, ""reg_width"": 32, ""data_width"": 16, ""sram_bytes"": 262144, ""queue_depth"": 2, ""divider_stages"": 12, ""bank_count"": 32}, ""after"": {""tile_q"": 64, ""tile_k"": 64, ""tile_d"": 64, ""parallelism"": 16, ""double_buffer"": true, ""num_rows"": 32, ""pe_per_row"": 8, ""reg_width"": 32, ""data_width"": 16, ""sram_bytes"": 262144, ""queue_depth"": 0, ""divider_stages"": 12, ""bank_count"": 32}, ""feasible"": true, ""metrics"": {""cycles"": 32328.41158535653, ""compute_cycles"": 28533.461240385288, ""memory_slowdown"": 1.133, ""memory_slowdown_source"": ""measured:xm"", ""clock_period_ns"": 2.273, ""max_frequency_mhz"": 439.94720633523974, ""seconds"": 7.348247953351541e-05, ""pe_utilization"": 0.690254143295938, ""throughput"": 6967647.298380514, ""dram_bytes"": 13412708.545454545, ""area"": 3003178.5616, ""power"": 600.603362726494, ""energy_j"": 4.413382430931012e-05, ""energy_efficiency_tasks_per_j"": 22658.358201445233, ""energy_scope"": ""partial-model:execute-array-dynamic+sram-leakage"", ""edp"": 3.2430628415446456e-09}, ""violations"": [], ""model_frontier_extended"": true, ""independent_improvement"": null, ""independent_module_verified"": true, ""independent_observations"": [{""design_id"": ""86db208eda7fb8f9e075532a45993414af24f3337d2ece0630d2f675d59b39c0"", ""scope"": ""BlockScheduler, 32 rows x 8 PE, M=32; not full attention"", ""function_passed"": true, ""frequency_feasible"": true, ""metrics"": {""queue_depth"": 0.0, ""rows"": 32.0, ""pe"": 8.0, ""imbalance"": 1.329141, ""row_util"": 0.752366, ""pe_util"": 0.752366, ""cycles"": 251.0, ""area_um2"": 13940.262, ""cells"": 6152.0, ""estimated_power_mw"": 2.799779, ""assumed_activity"": 0.0213, ""critical_path_ns"": 2.4835, ""sta_period_ns"": 2.857142857142857, ""slack_ns"": 0.3378, ""max_frequency_mhz"": 396.92890436281573}, ""latency_s"": 7.171428571428571e-07, ""identity_ok"": true, ""complete_captured_task"": true, ""sources_unchanged"": true, ""frequency_matches"": true, ""source"": {""model"": ""TinyLlama/TinyLlama-1.1B-intermediate-step-1431k-3T"", ""dataset"": ""wiki"", ""layer"": 10, ""seq_len"": 512, ""seed"": 20260903, ""head"": 0, ""token_sha256"": ""72f72a42f8d647ef0db223e6b033d5cb32edc2e9cf91a95cf93eafe6710422e6""}, ""log_uri"": ""/scratch/gz2522/gz2522/tmp/micro-hackthon/runs/critic_ablation_20260911/runs/main32_llm_s0/86db208eda7fb8f9e075532a45993414af24f3337d2ece0630d2f675d59b39c0/rtl/validation.json""}], ""independent_constraint_recovered"": true, ""independent_energy_improvement"": null, ""independent_scope"": ""scheduler only; constraint recovery is not a whole-task Pareto gain""}"
main32_llm_s0,e17f8d91f91d4914c07d7d78959f45e964d5acfb35c18f7a9ac9256b4bf0e4ad,repair,continue,"The current feasible point (history.2) has the highest latency (7.35e-05 s) and lowest PE utilization (69%) among the recent attempts. Configurations with a deeper queue (history.1, history.0) achieved significantly lower latency but were marked infeasible, with one failing scheduler validation. Since re-proposing these points is not allowed, I will modify a different parameter of the feasible par","[""history.2.metrics.seconds"", ""history.2.metrics.energy_j"", ""history.2.metrics.pe_utilization"", ""history.2.point.divider_stages"", ""history.1.violations"", ""domains.divider_stages""]","[{""layer"": ""compiler"", ""field"": ""divider_stages"", ""operation"": ""set"", ""value"": 8, ""expected_effect"": ""Reduce energy and area by using a smaller divider. Latency may not increase significantly due to the parent configuration's low PE utilization, potentially creating a new Pareto-optimal point."", ""risk"": ""If the divider is a performance bottleneck, reducing its pipeline depth could increase cycles and overall latency, negating the energy savings.""}]",,"{""state"": ""evaluated"", ""before"": {""tile_q"": 64, ""tile_k"": 64, ""tile_d"": 64, ""parallelism"": 16, ""double_buffer"": true, ""num_rows"": 32, ""pe_per_row"": 8, ""reg_width"": 32, ""data_width"": 16, ""sram_bytes"": 262144, ""queue_depth"": 0, ""divider_stages"": 12, ""bank_count"": 32}, ""after"": {""tile_q"": 64, ""tile_k"": 64, ""tile_d"": 64, ""parallelism"": 16, ""double_buffer"": true, ""num_rows"": 32, ""pe_per_row"": 8, ""reg_width"": 32, ""data_width"": 16, ""sram_bytes"": 262144, ""queue_depth"": 0, ""divider_stages"": 8, ""bank_count"": 32}, ""feasible"": true, ""metrics"": {""cycles"": 32328.41158535653, ""compute_cycles"": 28533.461240385288, ""memory_slowdown"": 1.133, ""memory_slowdown_source"": ""measured:xm"", ""clock_period_ns"": 2.273, ""max_frequency_mhz"": 439.94720633523974, ""seconds"": 7.348247953351541e-05, ""pe_utilization"": 0.690254143295938, ""throughput"": 6967647.298380514, ""dram_bytes"": 13412708.545454545, ""area"": 2972596.1616, ""power"": 600.603362726494, ""energy_j"": 4.413382430931012e-05, ""energy_efficiency_tasks_per_j"": 22658.358201445233, ""energy_scope"": ""partial-model:execute-array-dynamic+sram-leakage"", ""edp"": 3.2430628415446456e-09}, ""violations"": [], ""model_frontier_extended"": false, ""independent_improvement"": null, ""independent_module_verified"": true, ""independent_observations"": [{""design_id"": ""554e9172c4ed26f239658fecd768811a2736af2145ca5caa30b5238971b7d2df"", ""scope"": ""BlockScheduler, 32 rows x 8 PE, M=32; not full attention"", ""function_passed"": true, ""frequency_feasible"": true, ""metrics"": {""queue_depth"": 0.0, ""rows"": 32.0, ""pe"": 8.0, ""imbalance"": 1.329141, ""row_util"": 0.752366, ""pe_util"": 0.752366, ""cycles"": 251.0, ""area_um2"": 13940.262, ""cells"": 6152.0, ""estimated_power_mw"": 2.799779, ""assumed_activity"": 0.0213, ""critical_path_ns"": 2.4835, ""sta_period_ns"": 2.857142857142857, ""slack_ns"": 0.3378, ""max_frequency_mhz"": 396.92890436281573}, ""latency_s"": 7.171428571428571e-07, ""identity_ok"": true, ""complete_captured_task"": true, ""sources_unchanged"": true, ""frequency_matches"": true, ""source"": {""model"": ""TinyLlama/TinyLlama-1.1B-intermediate-step-1431k-3T"", ""dataset"": ""wiki"", ""layer"": 10, ""seq_len"": 512, ""seed"": 20260903, ""head"": 0, ""token_sha256"": ""72f72a42f8d647ef0db223e6b033d5cb32edc2e9cf91a95cf93eafe6710422e6""}, ""log_uri"": ""/scratch/gz2522/gz2522/tmp/micro-hackthon/runs/critic_ablation_20260911/runs/main32_llm_s0/554e9172c4ed26f239658fecd768811a2736af2145ca5caa30b5238971b7d2df/rtl/validation.json""}], ""independent_constraint_recovered"": false, ""independent_energy_improvement"": null, ""independent_scope"": ""scheduler only; constraint recovery is not a whole-task Pareto gain""}"
main32_llm_s0,e9558a379510d022e11e916f0f1810261c7fe9cd726d950bed540d1076eed1ac,repair,continue,"The parent point has a maximum frequency of 440 MHz, which is significantly higher than the 350 MHz target, indicating substantial timing slack. I propose reducing the number of divider pipeline stages from 8 to 4. This is expected to reduce area and energy by simplifying the divider logic. While this will likely lower the maximum frequency, the existing slack makes it probable that the design wil","[""history.3.metrics.max_frequency_mhz"", ""constraints.target_mhz"", ""history.2.metrics.area"", ""history.3.metrics.area"", ""history.1.violations""]","[{""layer"": ""compiler"", ""field"": ""divider_stages"", ""operation"": ""set"", ""value"": 4, ""expected_effect"": ""Reduce area and energy by trading excess timing slack. The max frequency should remain above the 350MHz target, resulting in a new point with lower energy_j and unchanged seconds."", ""risk"": ""The reduction in pipeline stages may increase the critical path delay more than anticipated, causing the max frequency to fall below the 350MHz target and making the point infeasible.""}]",,"{""state"": ""evaluated"", ""before"": {""tile_q"": 64, ""tile_k"": 64, ""tile_d"": 64, ""parallelism"": 16, ""double_buffer"": true, ""num_rows"": 32, ""pe_per_row"": 8, ""reg_width"": 32, ""data_width"": 16, ""sram_bytes"": 262144, ""queue_depth"": 0, ""divider_stages"": 8, ""bank_count"": 32}, ""after"": {""tile_q"": 64, ""tile_k"": 64, ""tile_d"": 64, ""parallelism"": 16, ""double_buffer"": true, ""num_rows"": 32, ""pe_per_row"": 8, ""reg_width"": 32, ""data_width"": 16, ""sram_bytes"": 262144, ""queue_depth"": 0, ""divider_stages"": 4, ""bank_count"": 32}, ""feasible"": false, ""metrics"": {""cycles"": 32328.41158535653, ""compute_cycles"": 28533.461240385288, ""memory_slowdown"": 1.133, ""memory_slowdown_source"": ""measured:xm"", ""clock_period_ns"": 3.269, ""max_frequency_mhz"": 305.9039461609055, ""seconds"": 0.00010568157747253052, ""pe_utilization"": 0.690254143295938, ""throughput"": 4844742.21756467, ""dram_bytes"": 13412708.545454545, ""area"": 2932538.5616, ""power"": 600.603362726494, ""energy_j"": 6.347271080824232e-05, ""energy_efficiency_tasks_per_j"": 15754.802138845216, ""energy_scope"": ""partial-model:execute-array-dynamic+sram-leakage"", ""edp"": 6.707896204672786e-09}, ""violations"": [""clock 306 MHz (period 3.269 ns) is below the target 350 MHz""], ""model_frontier_extended"": false, ""independent_improvement"": null}"
main32_llm_s0,183d3d5f3d91cd01bd99595aa500cc091c5cc99f3a49646ba3b456969c7790df,repair,continue,"The parent point uses 32-bit registers for 16-bit data, which is likely inefficient. Reducing `reg_width` to 16 should decrease area and power, leading to lower energy consumption for the same latency. This is a low-risk change aimed at finding a Pareto-superior point. Previous attempts to improve performance by increasing `queue_depth` resulted in validation failures, and further reducing `divide","[""parent_point.reg_width"", ""parent_point.data_width"", ""history.3.metrics.seconds"", ""history.3.metrics.energy_j"", ""history.1.violations"", ""history.4.violations""]","[{""layer"": ""compiler"", ""field"": ""reg_width"", ""operation"": ""set"", ""value"": 16, ""expected_effect"": ""Reduce area and power, leading to lower energy_j with no change in seconds, creating a Pareto-superior point."", ""risk"": ""Low. Data width is 16, so 16-bit registers should be sufficient. A small, unmodelled timing impact is possible but unlikely.""}]",,"{""state"": ""evaluated"", ""before"": {""tile_q"": 64, ""tile_k"": 64, ""tile_d"": 64, ""parallelism"": 16, ""double_buffer"": true, ""num_rows"": 32, ""pe_per_row"": 8, ""reg_width"": 32, ""data_width"": 16, ""sram_bytes"": 262144, ""queue_depth"": 0, ""divider_stages"": 8, ""bank_count"": 32}, ""after"": {""tile_q"": 64, ""tile_k"": 64, ""tile_d"": 64, ""parallelism"": 16, ""double_buffer"": true, ""num_rows"": 32, ""pe_per_row"": 8, ""reg_width"": 16, ""data_width"": 16, ""sram_bytes"": 262144, ""queue_depth"": 0, ""divider_stages"": 8, ""bank_count"": 32}, ""feasible"": true, ""metrics"": {""cycles"": 32328.41158535653, ""compute_cycles"": 28533.461240385288, ""memory_slowdown"": 1.133, ""memory_slowdown_source"": ""measured:xm"", ""clock_period_ns"": 2.273, ""max_frequency_mhz"": 439.94720633523974, ""seconds"": 7.348247953351541e-05, ""pe_utilization"": 0.690254143295938, ""throughput"": 6967647.298380514, ""dram_bytes"": 13412708.545454545, ""area"": 2953816.8208, ""power"": 600.603362726494, ""energy_j"": 4.413382430931012e-05, ""energy_efficiency_tasks_per_j"": 22658.358201445233, ""energy_scope"": ""partial-model:execute-array-dynamic+sram-leakage"", ""edp"": 3.2430628415446456e-09}, ""violations"": [], ""model_frontier_extended"": false, ""independent_improvement"": null, ""independent_module_verified"": true, ""independent_observations"": [{""design_id"": ""d8ecd6b60c1a73b52ceddd3709c7dec443bdbd9cfc4ebf5bb939e083738c8cca"", ""scope"": ""BlockScheduler, 32 rows x 8 PE, M=32; not full attention"", ""function_passed"": true, ""frequency_feasible"": true, ""metrics"": {""queue_depth"": 0.0, ""rows"": 32.0, ""pe"": 8.0, ""imbalance"": 1.329141, ""row_util"": 0.752366, ""pe_util"": 0.752366, ""cycles"": 251.0, ""area_um2"": 13940.262, ""cells"": 6152.0, ""estimated_power_mw"": 2.799779, ""assumed_activity"": 0.0213, ""critical_path_ns"": 2.4835, ""sta_period_ns"": 2.857142857142857, ""slack_ns"": 0.3378, ""max_frequency_mhz"": 396.92890436281573}, ""latency_s"": 7.171428571428571e-07, ""identity_ok"": true, ""complete_captured_task"": true, ""sources_unchanged"": true, ""frequency_matches"": true, ""source"": {""model"": ""TinyLlama/TinyLlama-1.1B-intermediate-step-1431k-3T"", ""dataset"": ""wiki"", ""layer"": 10, ""seq_len"": 512, ""seed"": 20260903, ""head"": 0, ""token_sha256"": ""72f72a42f8d647ef0db223e6b033d5cb32edc2e9cf91a95cf93eafe6710422e6""}, ""log_uri"": ""/scratch/gz2522/gz2522/tmp/micro-hackthon/runs/critic_ablation_20260911/runs/main32_llm_s0/d8ecd6b60c1a73b52ceddd3709c7dec443bdbd9cfc4ebf5bb939e083738c8cca/rtl/validation.json""}], ""independent_constraint_recovered"": false, ""independent_energy_improvement"": null, ""independent_scope"": ""scheduler only; constraint recovery is not a whole-task Pareto gain""}"
main32_shadow_s0,39e0ffefc4c6dd97d4d2b12622c40892b48f1d420a7477b059c3aca1d59880f4,repair,continue,"The parent point is infeasible due to a timing failure. The independent validation of the BlockScheduler shows it fails to meet the 350 MHz target, achieving only 324 MHz with a negative slack of -0.2286 ns. The analytical model's frequency prediction of 362 MHz was overly optimistic. The failing scheduler component uses a queue_depth of 4. To address this specific timing violation, I propose redu","[""validation.0.frequency_feasible"", ""validation.0.metrics.slack_ns"", ""validation.0.metrics.max_frequency_mhz"", ""constraints.target_mhz"", ""history.0.feasible""]","[{""layer"": ""compiler"", ""field"": ""queue_depth"", ""operation"": ""set"", ""value"": 2, ""expected_effect"": ""Increase max_frequency_mhz to be >= 350 MHz by simplifying scheduler logic, resulting in frequency_feasible becoming true."", ""risk"": ""A shallower queue may introduce pipeline stalls if data dependencies are not hidden, potentially increasing total cycles and overall execution time.""}]",,"{""state"": ""shadow_not_applied""}"
main32_shadow_s0,b8099e26fddfbd0fec16674790090f23b85be564c2c89c1fad8beced44453c15,repair,continue,"The parent point was predicted to be feasible by the analytical model (362 MHz), but independent validation of the scheduler component has revealed a timing failure at the target frequency (350 MHz), with the component only achieving 324 MHz. The negative slack in the scheduler validation is correlated with the current queue depth of 4. To address this timing violation, I propose reducing the sche","[""history.0.metrics.max_frequency_mhz"", ""validation.0.frequency_feasible"", ""validation.0.metrics.max_frequency_mhz"", ""validation.0.metrics.slack_ns"", ""parent_point.queue_depth"", ""domains.queue_depth""]","[{""layer"": ""compiler"", ""field"": ""queue_depth"", ""operation"": ""set"", ""value"": 2, ""expected_effect"": ""The modified hardware configuration will pass the 350 MHz frequency constraint, with max_frequency_mhz > 350 MHz."", ""risk"": ""Reducing the queue depth may increase stalls if the front-end cannot supply data fast enough, potentially increasing the overall cycle count and execution time.""}]",,"{""state"": ""shadow_not_applied""}"
main32_shadow_s0,e3a6e1536e24257bcc8702d29440e726ebd32640b0c626a3d18399ad8af622fd,repair,continue,"The parent point failed due to an independent scheduler validation timing failure. The validation report for the scheduler component shows negative slack (-0.0624 ns) and an achievable frequency of 342.5 MHz, which is below the 350 MHz target. The failing configuration used a queue_depth of 4. To address this timing failure directly, I propose reducing the queue_depth to 2. This is expected to sim","[""history.2.violations"", ""validation.0.frequency_feasible"", ""validation.0.metrics.slack_ns"", ""validation.0.metrics.max_frequency_mhz"", ""parent_point.queue_depth""]","[{""layer"": ""compiler"", ""field"": ""queue_depth"", ""operation"": ""set"", ""value"": 2, ""expected_effect"": ""The reduced queue depth will simplify scheduler logic, resolve the negative timing slack, and allow the design to meet the 350 MHz frequency target, making the point feasible."", ""risk"": ""A shallower queue may reduce the scheduler's ability to hide latency, potentially increasing overall cycle count or stalls. However, fixing the timing violation is the primary goal as the current point is infeasible.""}]",,"{""state"": ""shadow_not_applied""}"
main32_shadow_s0,ac948aedfa54d1575d8faefc579fbc3f6a29a5f238fee2066cc15f10604c8225,repair,continue,"The parent point failed independent scheduler validation due to a timing violation. The validation report shows the design achieved 342.5 MHz, just missing the 350 MHz target, resulting in a negative slack of -0.0624 ns. The failure is specific to the scheduler's timing, not its function. I hypothesize that reducing the scheduler's queue depth from 4 to 2 will simplify its internal logic (e.g., sm","[""history.2.violations"", ""validation.0.frequency_feasible"", ""validation.0.metrics.slack_ns"", ""validation.0.metrics.max_frequency_mhz""]","[{""layer"": ""compiler"", ""field"": ""queue_depth"", ""operation"": ""set"", ""value"": 2, ""expected_effect"": ""The design will pass timing validation with max_frequency_mhz >= 350 MHz. This change may increase total cycles if the scheduler queue was critical for hiding latency, but the primary goal is to achieve a feasible point."", ""risk"": ""Reducing the queue depth could introduce pipeline stalls, increasing cycle count and execution time. However, this is a necessary trade-off to fix the timing violation and achieve a feasible design.""}]",,"{""state"": ""shadow_not_applied""}"
main32_shadow_s0,507859e672140869345fa6cf0465b3d4c341f07daecbd8a312a91f77e1a1339d,repair,continue,"The parent point (history.4) is feasible but exhibits a very high memory_slowdown of 2.145, indicating a significant memory bottleneck as compute cycles are less than half of total cycles. Other points in the history (e.g., history.0) with a higher bank_count of 32 show a much lower memory_slowdown of 1.133. I propose increasing the bank_count of the parent from 8 to 16. This is expected to reduce","[""history.4.metrics.memory_slowdown"", ""history.4.metrics.cycles"", ""history.4.metrics.compute_cycles"", ""history.4.metrics.max_frequency_mhz"", ""history.0.metrics.memory_slowdown"", ""history.0.point.bank_count""]","[{""layer"": ""compiler"", ""field"": ""bank_count"", ""operation"": ""set"", ""value"": 16, ""expected_effect"": ""Decrease memory_slowdown from ~2.145, reducing total cycles and seconds. Max frequency should remain > 350 MHz."", ""risk"": ""The increased interconnect complexity from more memory banks could reduce the max frequency below the 350 MHz target, or the performance gain might be negligible.""}]",,"{""state"": ""shadow_not_applied""}"
main32_no_independent_s0,697cb7d00a5efca4203692a937a3b46d92c3e50e52f00778d677d50a0c293da4,repair,continue,"The parent point uses a 32-bit register width for 16-bit data, which is inefficient in area and power. The PE utilization is high at 91.7%, making PE-level optimizations impactful. I propose reducing the register width to 16 to match the data width. This is expected to significantly reduce area and power, leading to lower energy consumption (energy_j). This change should not increase cycle count a","[""parent_point.reg_width"", ""parent_point.data_width"", ""history.0.metrics.pe_utilization"", ""history.0.metrics.area"", ""history.0.metrics.power"", ""history.0.metrics.energy_j""]","[{""layer"": ""compiler"", ""field"": ""reg_width"", ""operation"": ""set"", ""value"": 16, ""expected_effect"": ""Reduces area, power, and energy_j by matching register width to data width. Latency (seconds) is expected to be less than or equal to the parent's."", ""risk"": ""Minimal. The change is unlikely to negatively impact cycle count or frequency as the data width is already 16.""}]",,"{""state"": ""evaluated"", ""before"": {""tile_q"": 64, ""tile_k"": 64, ""tile_d"": 64, ""parallelism"": 16, ""double_buffer"": true, ""num_rows"": 32, ""pe_per_row"": 8, ""reg_width"": 32, ""data_width"": 16, ""sram_bytes"": 262144, ""queue_depth"": 4, ""divider_stages"": 12, ""bank_count"": 32}, ""after"": {""tile_q"": 64, ""tile_k"": 64, ""tile_d"": 64, ""parallelism"": 16, ""double_buffer"": true, ""num_rows"": 32, ""pe_per_row"": 8, ""reg_width"": 16, ""data_width"": 16, ""sram_bytes"": 262144, ""queue_depth"": 4, ""divider_stages"": 12, ""bank_count"": 32}, ""feasible"": true, ""metrics"": {""cycles"": 24317.538351446306, ""compute_cycles"": 21462.964123077058, ""memory_slowdown"": 1.133, ""memory_slowdown_source"": ""measured:xm"", ""clock_period_ns"": 2.76, ""max_frequency_mhz"": 362.3188405797102, ""seconds"": 6.711640584999181e-05, ""pe_utilization"": 0.9176430492456304, ""throughput"": 7628537.218520656, ""dram_bytes"": 13412708.545454545, ""area"": 3052253.2208, ""power"": 781.641314087401, ""energy_j"": 5.2460955665410925e-05, ""energy_efficiency_tasks_per_j"": 19061.79533552283, ""energy_scope"": ""partial-model:execute-array-dynamic+sram-leakage"", ""edp"": 3.5209907917181466e-09}, ""violations"": [], ""model_frontier_extended"": true, ""independent_improvement"": null, ""independent_module_verified"": false, ""independent_observations"": [{""design_id"": ""f6ac65a0e5fb6bc0102707e2b466f1b52f9f7a63319ae5883c69ce5ace02769b"", ""scope"": ""BlockScheduler, 32 rows x 8 PE, M=32; not full attention"", ""function_passed"": true, ""frequency_feasible"": false, ""metrics"": {""queue_depth"": 4.0, ""rows"": 32.0, ""pe"": 8.0, ""imbalance"": 1.329141, ""row_util"": 0.874277, ""pe_util"": 0.874277, ""cycles"": 216.0, ""area_um2"": 69011.04, ""cells"": 26958.0, ""estimated_power_mw"": 13.31611, ""assumed_activity"": 0.0213, ""critical_path_ns"": 3.051, ""sta_period_ns"": 2.857142857142857, ""slack_ns"": -0.2286, ""max_frequency_mhz"": 324.07107341598686}, ""latency_s"": null, ""identity_ok"": true, ""complete_captured_task"": true, ""sources_unchanged"": true, ""frequency_matches"": true, ""source"": {""model"": ""TinyLlama/TinyLlama-1.1B-intermediate-step-1431k-3T"", ""dataset"": ""wiki"", ""layer"": 10, ""seq_len"": 512, ""seed"": 20260903, ""head"": 0, ""token_sha256"": ""72f72a42f8d647ef0db223e6b033d5cb32edc2e9cf91a95cf93eafe6710422e6""}, ""log_uri"": ""/scratch/gz2522/gz2522/tmp/micro-hackthon/runs/critic_ablation_20260911/runs/main32_no_independent_s0/f6ac65a0e5fb6bc0102707e2b466f1b52f9f7a63319ae5883c69ce5ace02769b/rtl/validation.json""}], ""independent_constraint_recovered"": false, ""independent_energy_improvement"": null, ""independent_scope"": ""scheduler only; constraint recovery is not a whole-task Pareto gain""}"
main32_no_independent_s0,f8fcd7860675157f98772b8193003496611a97ea876fba742f20563fbb8e6e70,repair,continue,"The parent point meets performance targets but has a memory slowdown of 1.133. History shows that reducing a microarchitectural resource (reg_width) previously reduced area with no predicted performance penalty. I will apply this strategy again by reducing another resource, `queue_depth`, from 4 to 2. This is expected to reduce area and power, and therefore energy, by using a smaller hardware queu","[""history.1.point.queue_depth"", ""history.1.metrics.memory_slowdown"", ""history.0.metrics.area"", ""history.1.metrics.area"", ""domains.queue_depth""]","[{""layer"": ""compiler"", ""field"": ""queue_depth"", ""operation"": ""set"", ""value"": 2, ""expected_effect"": ""Reduce area and power by decreasing the size of a hardware queue. This is hypothesized to lower total energy consumption while maintaining the current cycle count and throughput."", ""risk"": ""The reduced queue depth may be insufficient to buffer data transfers, potentially increasing memory stalls, cycles, and overall execution time.""}]",,"{""state"": ""evaluated"", ""before"": {""tile_q"": 64, ""tile_k"": 64, ""tile_d"": 64, ""parallelism"": 16, ""double_buffer"": true, ""num_rows"": 32, ""pe_per_row"": 8, ""reg_width"": 16, ""data_width"": 16, ""sram_bytes"": 262144, ""queue_depth"": 4, ""divider_stages"": 12, ""bank_count"": 32}, ""after"": {""tile_q"": 64, ""tile_k"": 64, ""tile_d"": 64, ""parallelism"": 16, ""double_buffer"": true, ""num_rows"": 32, ""pe_per_row"": 8, ""reg_width"": 16, ""data_width"": 16, ""sram_bytes"": 262144, ""queue_depth"": 2, ""divider_stages"": 12, ""bank_count"": 32}, ""feasible"": true, ""metrics"": {""cycles"": 25652.68389043134, ""compute_cycles"": 22641.380309295095, ""memory_slowdown"": 1.133, ""memory_slowdown_source"": ""measured:xm"", ""clock_period_ns"": 2.528, ""max_frequency_mhz"": 395.56962025316454, ""seconds"": 6.484998487501043e-05, ""pe_utilization"": 0.8698824707106907, ""throughput"": 7895144.478241756, ""dram_bytes"": 13412708.545454545, ""area"": 3019384.6207999997, ""power"": 743.6162518810235, ""energy_j"": 4.822350268729632e-05, ""energy_efficiency_tasks_per_j"": 20736.776556536475, ""energy_scope"": ""partial-model:execute-array-dynamic+sram-leakage"", ""edp"": 3.1272934198911912e-09}, ""violations"": [], ""model_frontier_extended"": true, ""independent_improvement"": null, ""independent_module_verified"": false, ""independent_observations"": [{""design_id"": ""d6cf4aac4fcccb17852d056b80ff84845bfba88e99cfdc21c4658bdba769c453"", ""scope"": ""BlockScheduler, 32 rows x 8 PE, M=32; not full attention"", ""function_passed"": true, ""frequency_feasible"": false, ""metrics"": {""queue_depth"": 2.0, ""rows"": 32.0, ""pe"": 8.0, ""imbalance"": 1.329141, ""row_util"": 0.858381, ""pe_util"": 0.858381, ""cycles"": 220.0, ""area_um2"": 41951.658, ""cells"": 16832.0, ""estimated_power_mw"": 8.168453000000001, ""assumed_activity"": 0.0213, ""critical_path_ns"": 2.8915, ""sta_period_ns"": 2.857142857142857, ""slack_ns"": -0.0701, ""max_frequency_mhz"": 341.6183927342648}, ""latency_s"": null, ""identity_ok"": true, ""complete_captured_task"": true, ""sources_unchanged"": true, ""frequency_matches"": true, ""source"": {""model"": ""TinyLlama/TinyLlama-1.1B-intermediate-step-1431k-3T"", ""dataset"": ""wiki"", ""layer"": 10, ""seq_len"": 512, ""seed"": 20260903, ""head"": 0, ""token_sha256"": ""72f72a42f8d647ef0db223e6b033d5cb32edc2e9cf91a95cf93eafe6710422e6""}, ""log_uri"": ""/scratch/gz2522/gz2522/tmp/micro-hackthon/runs/critic_ablation_20260911/runs/main32_no_independent_s0/d6cf4aac4fcccb17852d056b80ff84845bfba88e99cfdc21c4658bdba769c453/rtl/validation.json""}], ""independent_constraint_recovered"": false, ""independent_energy_improvement"": null, ""independent_scope"": ""scheduler only; constraint recovery is not a whole-task Pareto gain""}"
main32_no_independent_s0,b239e94b2a25ae31d0926bb2f988b912c1b02062f4763ce380b32ab7f2a8d09a,repair,continue,"The transition from history.1 to history.2 (the parent) involved reducing `queue_depth` from 4 to 2. This resulted in a Pareto improvement, reducing both execution time (seconds) and energy consumption (energy_j). The improvement was driven by a significant increase in `max_frequency_mhz` that more than compensated for a modest increase in cycle count, alongside area and power reductions. This sug","[""history.1.point.queue_depth"", ""history.2.point.queue_depth"", ""history.1.metrics.seconds"", ""history.2.metrics.seconds"", ""history.1.metrics.energy_j"", ""history.2.metrics.energy_j"", ""history.1.metrics.max_frequency_mhz"", ""history.2.metrics.max_frequency_mhz""]","[{""layer"": ""compiler"", ""field"": ""queue_depth"", ""operation"": ""set"", ""value"": 0, ""expected_effect"": ""Reduce seconds and energy_j. The removal of queue logic is expected to increase max_frequency_mhz and reduce area/power. This may offset a potential increase in cycles due to pipeline bubbles."", ""risk"": ""Removing the queue entirely (queue_depth=0) could introduce significant pipeline stalls, increasing the cycle count to a degree that the frequency improvement cannot overcome, resulting in worse overall latency (seconds).""}]",,"{""state"": ""evaluated"", ""before"": {""tile_q"": 64, ""tile_k"": 64, ""tile_d"": 64, ""parallelism"": 16, ""double_buffer"": true, ""num_rows"": 32, ""pe_per_row"": 8, ""reg_width"": 16, ""data_width"": 16, ""sram_bytes"": 262144, ""queue_depth"": 2, ""divider_stages"": 12, ""bank_count"": 32}, ""after"": {""tile_q"": 64, ""tile_k"": 64, ""tile_d"": 64, ""parallelism"": 16, ""double_buffer"": true, ""num_rows"": 32, ""pe_per_row"": 8, ""reg_width"": 16, ""data_width"": 16, ""sram_bytes"": 262144, ""queue_depth"": 0, ""divider_stages"": 12, ""bank_count"": 32}, ""feasible"": true, ""metrics"": {""cycles"": 32328.41158535653, ""compute_cycles"": 28533.461240385288, ""memory_slowdown"": 1.133, ""memory_slowdown_source"": ""measured:xm"", ""clock_period_ns"": 2.273, ""max_frequency_mhz"": 439.94720633523974, ""seconds"": 7.348247953351541e-05, ""pe_utilization"": 0.690254143295938, ""throughput"": 6967647.298380514, ""dram_bytes"": 13412708.545454545, ""area"": 2984399.2208, ""power"": 600.603362726494, ""energy_j"": 4.413382430931012e-05, ""energy_efficiency_tasks_per_j"": 22658.358201445233, ""energy_scope"": ""partial-model:execute-array-dynamic+sram-leakage"", ""edp"": 3.2430628415446456e-09}, ""violations"": [], ""model_frontier_extended"": true, ""independent_improvement"": null, ""independent_module_verified"": true, ""independent_observations"": [{""design_id"": ""6940336e9a43671635dab597aef8f33803a392d3710d7937fc0c2336bfbfb65a"", ""scope"": ""BlockScheduler, 32 rows x 8 PE, M=32; not full attention"", ""function_passed"": true, ""frequency_feasible"": true, ""metrics"": {""queue_depth"": 0.0, ""rows"": 32.0, ""pe"": 8.0, ""imbalance"": 1.329141, ""row_util"": 0.752366, ""pe_util"": 0.752366, ""cycles"": 251.0, ""area_um2"": 13940.262, ""cells"": 6152.0, ""estimated_power_mw"": 2.799779, ""assumed_activity"": 0.0213, ""critical_path_ns"": 2.4835, ""sta_period_ns"": 2.857142857142857, ""slack_ns"": 0.3378, ""max_frequency_mhz"": 396.92890436281573}, ""latency_s"": 7.171428571428571e-07, ""identity_ok"": true, ""complete_captured_task"": true, ""sources_unchanged"": true, ""frequency_matches"": true, ""source"": {""model"": ""TinyLlama/TinyLlama-1.1B-intermediate-step-1431k-3T"", ""dataset"": ""wiki"", ""layer"": 10, ""seq_len"": 512, ""seed"": 20260903, ""head"": 0, ""token_sha256"": ""72f72a42f8d647ef0db223e6b033d5cb32edc2e9cf91a95cf93eafe6710422e6""}, ""log_uri"": ""/scratch/gz2522/gz2522/tmp/micro-hackthon/runs/critic_ablation_20260911/runs/main32_no_independent_s0/6940336e9a43671635dab597aef8f33803a392d3710d7937fc0c2336bfbfb65a/rtl/validation.json""}], ""independent_constraint_recovered"": true, ""independent_energy_improvement"": null, ""independent_scope"": ""scheduler only; constraint recovery is not a whole-task Pareto gain""}"
main32_no_independent_s0,da553f42edd3dec032fd1662bb502c4b65ae8a2e1749e8f4663ecfcb379152a8,repair,continue,"The parent point at history.3 shows very high frequency (439.9 MHz vs 350 MHz target) but low PE utilization (69%) and high cycle count, suggesting it is stall-limited. The divider is deeply pipelined with 12 stages, which contributes to the high frequency but also high latency for individual division operations. Given the significant timing slack, I propose reducing the divider stages from 12 to ","[""history.3.metrics.max_frequency_mhz"", ""constraints.target_mhz"", ""history.3.metrics.pe_utilization"", ""history.3.metrics.cycles"", ""history.2.metrics.seconds"", ""domains.divider_stages""]","[{""layer"": ""compiler"", ""field"": ""divider_stages"", ""operation"": ""set"", ""value"": 8, ""expected_effect"": ""Reduce divider pipeline latency by changing stages from 12 to 8. This may reduce max frequency, but the large existing slack (440MHz vs 350MHz target) suggests it will remain feasible. The lower latency may reduce overall cycles if the pipeline is not always full, potentially improving both seconds "", ""risk"": ""The frequency drop could be larger than anticipated, violating the 350MHz target. Cycle count could increase if the longer pipeline was effectively hiding latency, worsening performance.""}]",,"{""state"": ""evaluated"", ""before"": {""tile_q"": 64, ""tile_k"": 64, ""tile_d"": 64, ""parallelism"": 16, ""double_buffer"": true, ""num_rows"": 32, ""pe_per_row"": 8, ""reg_width"": 16, ""data_width"": 16, ""sram_bytes"": 262144, ""queue_depth"": 0, ""divider_stages"": 12, ""bank_count"": 32}, ""after"": {""tile_q"": 64, ""tile_k"": 64, ""tile_d"": 64, ""parallelism"": 16, ""double_buffer"": true, ""num_rows"": 32, ""pe_per_row"": 8, ""reg_width"": 16, ""data_width"": 16, ""sram_bytes"": 262144, ""queue_depth"": 0, ""divider_stages"": 8, ""bank_count"": 32}, ""feasible"": true, ""metrics"": {""cycles"": 32328.41158535653, ""compute_cycles"": 28533.461240385288, ""memory_slowdown"": 1.133, ""memory_slowdown_source"": ""measured:xm"", ""clock_period_ns"": 2.273, ""max_frequency_mhz"": 439.94720633523974, ""seconds"": 7.348247953351541e-05, ""pe_utilization"": 0.690254143295938, ""throughput"": 6967647.298380514, ""dram_bytes"": 13412708.545454545, ""area"": 2953816.8208, ""power"": 600.603362726494, ""energy_j"": 4.413382430931012e-05, ""energy_efficiency_tasks_per_j"": 22658.358201445233, ""energy_scope"": ""partial-model:execute-array-dynamic+sram-leakage"", ""edp"": 3.2430628415446456e-09}, ""violations"": [], ""model_frontier_extended"": false, ""independent_improvement"": null, ""independent_module_verified"": true, ""independent_observations"": [{""design_id"": ""d8ecd6b60c1a73b52ceddd3709c7dec443bdbd9cfc4ebf5bb939e083738c8cca"", ""scope"": ""BlockScheduler, 32 rows x 8 PE, M=32; not full attention"", ""function_passed"": true, ""frequency_feasible"": true, ""metrics"": {""queue_depth"": 0.0, ""rows"": 32.0, ""pe"": 8.0, ""imbalance"": 1.329141, ""row_util"": 0.752366, ""pe_util"": 0.752366, ""cycles"": 251.0, ""area_um2"": 13940.262, ""cells"": 6152.0, ""estimated_power_mw"": 2.799779, ""assumed_activity"": 0.0213, ""critical_path_ns"": 2.4835, ""sta_period_ns"": 2.857142857142857, ""slack_ns"": 0.3378, ""max_frequency_mhz"": 396.92890436281573}, ""latency_s"": 7.171428571428571e-07, ""identity_ok"": true, ""complete_captured_task"": true, ""sources_unchanged"": true, ""frequency_matches"": true, ""source"": {""model"": ""TinyLlama/TinyLlama-1.1B-intermediate-step-1431k-3T"", ""dataset"": ""wiki"", ""layer"": 10, ""seq_len"": 512, ""seed"": 20260903, ""head"": 0, ""token_sha256"": ""72f72a42f8d647ef0db223e6b033d5cb32edc2e9cf91a95cf93eafe6710422e6""}, ""log_uri"": ""/scratch/gz2522/gz2522/tmp/micro-hackthon/runs/critic_ablation_20260911/runs/main32_no_independent_s0/d8ecd6b60c1a73b52ceddd3709c7dec443bdbd9cfc4ebf5bb939e083738c8cca/rtl/validation.json""}], ""independent_constraint_recovered"": false, ""independent_energy_improvement"": null, ""independent_scope"": ""scheduler only; constraint recovery is not a whole-task Pareto gain""}"
main32_no_independent_s0,2da9499ef6d02524f74df9719d596282def9b17f6d9f9f878b977d61ba0bfefc,repair,continue,"The parent point, corresponding to history.4, has a queue_depth of 0. This resulted in a significant increase in cycles and a drop in PE utilization from 0.87 (history.2, queue_depth=2) to 0.69 (history.3, queue_depth=0), indicating the processing elements are frequently stalled. While this configuration improved frequency and achieved the lowest energy so far (4.41e-05 J), it worsened latency (7.","[""history.2.metrics.pe_utilization"", ""history.3.metrics.pe_utilization"", ""history.2.metrics.seconds"", ""history.3.metrics.seconds"", ""history.2.metrics.energy_j"", ""history.3.metrics.energy_j"", ""parent_point.queue_depth""]","[{""layer"": ""compiler"", ""field"": ""queue_depth"", ""operation"": ""set"", ""value"": 2, ""expected_effect"": ""Improve PE utilization and reduce cycle count, leading to lower latency (seconds). This is expected to create a new point on the Pareto frontier with better latency and slightly higher energy consumption compared to the parent."", ""risk"": ""The increase in area and logic for the queue may reduce clock frequency, and the higher utilization will increase dynamic power. If the cycle count reduction is not sufficient to offset these, latency or energy could worsen.""}]",,"{""state"": ""evaluated"", ""before"": {""tile_q"": 64, ""tile_k"": 64, ""tile_d"": 64, ""parallelism"": 16, ""double_buffer"": true, ""num_rows"": 32, ""pe_per_row"": 8, ""reg_width"": 16, ""data_width"": 16, ""sram_bytes"": 262144, ""queue_depth"": 0, ""divider_stages"": 8, ""bank_count"": 32}, ""after"": {""tile_q"": 64, ""tile_k"": 64, ""tile_d"": 64, ""parallelism"": 16, ""double_buffer"": true, ""num_rows"": 32, ""pe_per_row"": 8, ""reg_width"": 16, ""data_width"": 16, ""sram_bytes"": 262144, ""queue_depth"": 2, ""divider_stages"": 8, ""bank_count"": 32}, ""feasible"": true, ""metrics"": {""cycles"": 25652.68389043134, ""compute_cycles"": 22641.380309295095, ""memory_slowdown"": 1.133, ""memory_slowdown_source"": ""measured:xm"", ""clock_period_ns"": 2.528, ""max_frequency_mhz"": 395.56962025316454, ""seconds"": 6.484998487501043e-05, ""pe_utilization"": 0.8698824707106907, ""throughput"": 7895144.478241756, ""dram_bytes"": 13412708.545454545, ""area"": 2988802.2208, ""power"": 743.6162518810235, ""energy_j"": 4.822350268729632e-05, ""energy_efficiency_tasks_per_j"": 20736.776556536475, ""energy_scope"": ""partial-model:execute-array-dynamic+sram-leakage"", ""edp"": 3.1272934198911912e-09}, ""violations"": [], ""model_frontier_extended"": true, ""independent_improvement"": null, ""independent_module_verified"": false, ""independent_observations"": [{""design_id"": ""18d02cab55bb411fd789382918af520fd04e9eea2142bfd1aadc8bb20aabf0ad"", ""scope"": ""BlockScheduler, 32 rows x 8 PE, M=32; not full attention"", ""function_passed"": true, ""frequency_feasible"": false, ""metrics"": {""queue_depth"": 2.0, ""rows"": 32.0, ""pe"": 8.0, ""imbalance"": 1.329141, ""row_util"": 0.858381, ""pe_util"": 0.858381, ""cycles"": 220.0, ""area_um2"": 41951.658, ""cells"": 16832.0, ""estimated_power_mw"": 8.168453000000001, ""assumed_activity"": 0.0213, ""critical_path_ns"": 2.8915, ""sta_period_ns"": 2.857142857142857, ""slack_ns"": -0.0701, ""max_frequency_mhz"": 341.6183927342648}, ""latency_s"": null, ""identity_ok"": true, ""complete_captured_task"": true, ""sources_unchanged"": true, ""frequency_matches"": true, ""source"": {""model"": ""TinyLlama/TinyLlama-1.1B-intermediate-step-1431k-3T"", ""dataset"": ""wiki"", ""layer"": 10, ""seq_len"": 512, ""seed"": 20260903, ""head"": 0, ""token_sha256"": ""72f72a42f8d647ef0db223e6b033d5cb32edc2e9cf91a95cf93eafe6710422e6""}, ""log_uri"": ""/scratch/gz2522/gz2522/tmp/micro-hackthon/runs/critic_ablation_20260911/runs/main32_no_independent_s0/18d02cab55bb411fd789382918af520fd04e9eea2142bfd1aadc8bb20aabf0ad/rtl/validation.json""}], ""independent_constraint_recovered"": false, ""independent_energy_improvement"": null, ""independent_scope"": ""scheduler only; constraint recovery is not a whole-task Pareto gain""}"
main32_local_random_s0,39e0ffefc4c6dd97d4d2b12622c40892b48f1d420a7477b059c3aca1d59880f4,repair,continue,Uniform random untried single-field intervention; no diagnosis,"[""domains"", ""parent_point""]","[{""layer"": ""compiler"", ""field"": ""bank_count"", ""operation"": ""set"", ""value"": 16, ""expected_effect"": ""measure the outcome of this local random control"", ""risk"": ""may worsen or fail constraints""}]",,"{""state"": ""evaluated"", ""before"": {""tile_q"": 64, ""tile_k"": 64, ""tile_d"": 64, ""parallelism"": 16, ""double_buffer"": true, ""num_rows"": 32, ""pe_per_row"": 8, ""reg_width"": 32, ""data_width"": 16, ""sram_bytes"": 262144, ""queue_depth"": 4, ""divider_stages"": 12, ""bank_count"": 32}, ""after"": {""tile_q"": 64, ""tile_k"": 64, ""tile_d"": 64, ""parallelism"": 16, ""double_buffer"": true, ""num_rows"": 32, ""pe_per_row"": 8, ""reg_width"": 32, ""data_width"": 16, ""sram_bytes"": 262144, ""queue_depth"": 4, ""divider_stages"": 12, ""bank_count"": 16}, ""feasible"": true, ""metrics"": {""cycles"": 32752.48325181559, ""compute_cycles"": 21462.964123077058, ""memory_slowdown"": 1.526, ""memory_slowdown_source"": ""measured:xm"", ""clock_period_ns"": 2.76, ""max_frequency_mhz"": 362.3188405797102, ""seconds"": 9.039685377501102e-05, ""pe_utilization"": 0.9176430492456304, ""throughput"": 5663913.93747307, ""dram_bytes"": 13412708.545454545, ""area"": 3065252.9616, ""power"": 781.641314087401, ""energy_j"": 7.065791557406625e-05, ""energy_efficiency_tasks_per_j"": 14152.696012547423, ""energy_scope"": ""partial-model:execute-array-dynamic+sram-leakage"", ""edp"": 6.387253262195941e-09}, ""violations"": [], ""model_frontier_extended"": true, ""independent_improvement"": null, ""independent_module_verified"": false, ""independent_observations"": [{""design_id"": ""5fdd24b3a85cbaba9a55a2417b43b2186a915d0b9909ee3b93eb4d52736d51c5"", ""scope"": ""BlockScheduler, 32 rows x 8 PE, M=32; not full attention"", ""function_passed"": true, ""frequency_feasible"": false, ""metrics"": {""queue_depth"": 4.0, ""rows"": 32.0, ""pe"": 8.0, ""imbalance"": 1.329141, ""row_util"": 0.874277, ""pe_util"": 0.874277, ""cycles"": 216.0, ""area_um2"": 69011.04, ""cells"": 26958.0, ""estimated_power_mw"": 13.31611, ""assumed_activity"": 0.0213, ""critical_path_ns"": 3.051, ""sta_period_ns"": 2.857142857142857, ""slack_ns"": -0.2286, ""max_frequency_mhz"": 324.07107341598686}, ""latency_s"": null, ""identity_ok"": true, ""complete_captured_task"": true, ""sources_unchanged"": true, ""frequency_matches"": true, ""source"": {""model"": ""TinyLlama/TinyLlama-1.1B-intermediate-step-1431k-3T"", ""dataset"": ""wiki"", ""layer"": 10, ""seq_len"": 512, ""seed"": 20260903, ""head"": 0, ""token_sha256"": ""72f72a42f8d647ef0db223e6b033d5cb32edc2e9cf91a95cf93eafe6710422e6""}, ""log_uri"": ""/scratch/gz2522/gz2522/tmp/micro-hackthon/runs/critic_ablation_20260911/runs/main32_local_random_s0/5fdd24b3a85cbaba9a55a2417b43b2186a915d0b9909ee3b93eb4d52736d51c5/rtl/validation.json""}], ""independent_constraint_recovered"": false, ""independent_energy_improvement"": null, ""independent_scope"": ""scheduler only; constraint recovery is not a whole-task Pareto gain""}"
main32_local_random_s0,810122df74029b77021d347330861a75b0fe165afa86686a49e7f5decf3a35d3,repair,continue,Uniform random untried single-field intervention; no diagnosis,"[""domains"", ""parent_point""]","[{""layer"": ""compiler"", ""field"": ""divider_stages"", ""operation"": ""set"", ""value"": 8, ""expected_effect"": ""measure the outcome of this local random control"", ""risk"": ""may worsen or fail constraints""}]",,"{""state"": ""evaluated"", ""before"": {""tile_q"": 64, ""tile_k"": 64, ""tile_d"": 64, ""parallelism"": 16, ""double_buffer"": true, ""num_rows"": 32, ""pe_per_row"": 8, ""reg_width"": 32, ""data_width"": 16, ""sram_bytes"": 262144, ""queue_depth"": 4, ""divider_stages"": 12, ""bank_count"": 16}, ""after"": {""tile_q"": 64, ""tile_k"": 64, ""tile_d"": 64, ""parallelism"": 16, ""double_buffer"": true, ""num_rows"": 32, ""pe_per_row"": 8, ""reg_width"": 32, ""data_width"": 16, ""sram_bytes"": 262144, ""queue_depth"": 4, ""divider_stages"": 8, ""bank_count"": 16}, ""feasible"": true, ""metrics"": {""cycles"": 32752.48325181559, ""compute_cycles"": 21462.964123077058, ""memory_slowdown"": 1.526, ""memory_slowdown_source"": ""measured:xm"", ""clock_period_ns"": 2.76, ""max_frequency_mhz"": 362.3188405797102, ""seconds"": 9.039685377501102e-05, ""pe_utilization"": 0.9176430492456304, ""throughput"": 5663913.93747307, ""dram_bytes"": 13412708.545454545, ""area"": 3034670.5616, ""power"": 781.641314087401, ""energy_j"": 7.065791557406625e-05, ""energy_efficiency_tasks_per_j"": 14152.696012547423, ""energy_scope"": ""partial-model:execute-array-dynamic+sram-leakage"", ""edp"": 6.387253262195941e-09}, ""violations"": [], ""model_frontier_extended"": true, ""independent_improvement"": null, ""independent_module_verified"": false, ""independent_observations"": [{""design_id"": ""1af62b1131522ccf373cf90db020706c7715f65954f73b3f1f84650693ee2f99"", ""scope"": ""BlockScheduler, 32 rows x 8 PE, M=32; not full attention"", ""function_passed"": true, ""frequency_feasible"": false, ""metrics"": {""queue_depth"": 4.0, ""rows"": 32.0, ""pe"": 8.0, ""imbalance"": 1.329141, ""row_util"": 0.874277, ""pe_util"": 0.874277, ""cycles"": 216.0, ""area_um2"": 69011.04, ""cells"": 26958.0, ""estimated_power_mw"": 13.31611, ""assumed_activity"": 0.0213, ""critical_path_ns"": 3.051, ""sta_period_ns"": 2.857142857142857, ""slack_ns"": -0.2286, ""max_frequency_mhz"": 324.07107341598686}, ""latency_s"": null, ""identity_ok"": true, ""complete_captured_task"": true, ""sources_unchanged"": true, ""frequency_matches"": true, ""source"": {""model"": ""TinyLlama/TinyLlama-1.1B-intermediate-step-1431k-3T"", ""dataset"": ""wiki"", ""layer"": 10, ""seq_len"": 512, ""seed"": 20260903, ""head"": 0, ""token_sha256"": ""72f72a42f8d647ef0db223e6b033d5cb32edc2e9cf91a95cf93eafe6710422e6""}, ""log_uri"": ""/scratch/gz2522/gz2522/tmp/micro-hackthon/runs/critic_ablation_20260911/runs/main32_local_random_s0/1af62b1131522ccf373cf90db020706c7715f65954f73b3f1f84650693ee2f99/rtl/validation.json""}], ""independent_constraint_recovered"": false, ""independent_energy_improvement"": null, ""independent_scope"": ""scheduler only; constraint recovery is not a whole-task Pareto gain""}"
main32_local_random_s0,0f1289c988beb2d87a675d8a80a76483d4b676aa3b680825625d9129e88ed8b4,repair,continue,Uniform random untried single-field intervention; no diagnosis,"[""domains"", ""parent_point""]","[{""layer"": ""compiler"", ""field"": ""tile_k"", ""operation"": ""set"", ""value"": 32, ""expected_effect"": ""measure the outcome of this local random control"", ""risk"": ""may worsen or fail constraints""}]",,"{""state"": ""evaluated"", ""before"": {""tile_q"": 64, ""tile_k"": 64, ""tile_d"": 64, ""parallelism"": 16, ""double_buffer"": true, ""num_rows"": 32, ""pe_per_row"": 8, ""reg_width"": 32, ""data_width"": 16, ""sram_bytes"": 262144, ""queue_depth"": 4, ""divider_stages"": 8, ""bank_count"": 16}, ""after"": {""tile_q"": 64, ""tile_k"": 32, ""tile_d"": 64, ""parallelism"": 16, ""double_buffer"": true, ""num_rows"": 32, ""pe_per_row"": 8, ""reg_width"": 32, ""data_width"": 16, ""sram_bytes"": 262144, ""queue_depth"": 4, ""divider_stages"": 8, ""bank_count"": 16}, ""feasible"": true, ""metrics"": {""cycles"": 32752.48325181559, ""compute_cycles"": 21462.964123077058, ""memory_slowdown"": 1.526, ""memory_slowdown_source"": ""measured:xm"", ""clock_period_ns"": 2.76, ""max_frequency_mhz"": 362.3188405797102, ""seconds"": 9.039685377501102e-05, ""pe_utilization"": 0.9176430492456304, ""throughput"": 5663913.93747307, ""dram_bytes"": 13412708.545454545, ""area"": 3034670.5616, ""power"": 781.641314087401, ""energy_j"": 7.065791557406625e-05, ""energy_efficiency_tasks_per_j"": 14152.696012547423, ""energy_scope"": ""partial-model:execute-array-dynamic+sram-leakage"", ""edp"": 6.387253262195941e-09}, ""violations"": [], ""model_frontier_extended"": true, ""independent_improvement"": null, ""independent_module_verified"": false, ""independent_observations"": [{""design_id"": ""75e726c543e4a163287c31a2101fc1d71be43870eda9248076599ed750a7e15d"", ""scope"": ""BlockScheduler, 32 rows x 8 PE, M=32; not full attention"", ""function_passed"": true, ""frequency_feasible"": false, ""metrics"": {""queue_depth"": 4.0, ""rows"": 32.0, ""pe"": 8.0, ""imbalance"": 1.329141, ""row_util"": 0.874277, ""pe_util"": 0.874277, ""cycles"": 216.0, ""area_um2"": 69011.04, ""cells"": 26958.0, ""estimated_power_mw"": 13.31611, ""assumed_activity"": 0.0213, ""critical_path_ns"": 3.051, ""sta_period_ns"": 2.857142857142857, ""slack_ns"": -0.2286, ""max_frequency_mhz"": 324.07107341598686}, ""latency_s"": null, ""identity_ok"": true, ""complete_captured_task"": true, ""sources_unchanged"": true, ""frequency_matches"": true, ""source"": {""model"": ""TinyLlama/TinyLlama-1.1B-intermediate-step-1431k-3T"", ""dataset"": ""wiki"", ""layer"": 10, ""seq_len"": 512, ""seed"": 20260903, ""head"": 0, ""token_sha256"": ""72f72a42f8d647ef0db223e6b033d5cb32edc2e9cf91a95cf93eafe6710422e6""}, ""log_uri"": ""/scratch/gz2522/gz2522/tmp/micro-hackthon/runs/critic_ablation_20260911/runs/main32_local_random_s0/75e726c543e4a163287c31a2101fc1d71be43870eda9248076599ed750a7e15d/rtl/validation.json""}], ""independent_constraint_recovered"": false, ""independent_energy_improvement"": null, ""independent_scope"": ""scheduler only; constraint recovery is not a whole-task Pareto gain""}"
main32_local_random_s0,7be2d8d2d6007eca9b3e4e4401013ec5f1be15897d777152c6f5a58d362b87c9,repair,continue,Uniform random untried single-field intervention; no diagnosis,"[""domains"", ""parent_point""]","[{""layer"": ""compiler"", ""field"": ""queue_depth"", ""operation"": ""set"", ""value"": 0, ""expected_effect"": ""measure the outcome of this local random control"", ""risk"": ""may worsen or fail constraints""}]",,"{""state"": ""evaluated"", ""before"": {""tile_q"": 64, ""tile_k"": 32, ""tile_d"": 64, ""parallelism"": 16, ""double_buffer"": true, ""num_rows"": 32, ""pe_per_row"": 8, ""reg_width"": 32, ""data_width"": 16, ""sram_bytes"": 262144, ""queue_depth"": 4, ""divider_stages"": 8, ""bank_count"": 16}, ""after"": {""tile_q"": 64, ""tile_k"": 32, ""tile_d"": 64, ""parallelism"": 16, ""double_buffer"": true, ""num_rows"": 32, ""pe_per_row"": 8, ""reg_width"": 32, ""data_width"": 16, ""sram_bytes"": 262144, ""queue_depth"": 0, ""divider_stages"": 8, ""bank_count"": 16}, ""feasible"": true, ""metrics"": {""cycles"": 43542.06185282795, ""compute_cycles"": 28533.461240385288, ""memory_slowdown"": 1.526, ""memory_slowdown_source"": ""measured:xm"", ""clock_period_ns"": 2.273, ""max_frequency_mhz"": 439.94720633523974, ""seconds"": 9.897110659147795e-05, ""pe_utilization"": 0.690254143295938, ""throughput"": 5173226.99152367, ""dram_bytes"": 13412708.545454545, ""area"": 2966816.5616, ""power"": 600.603362726494, ""energy_j"": 5.944237943160393e-05, ""energy_efficiency_tasks_per_j"": 16823.01431339282, ""energy_scope"": ""partial-model:execute-array-dynamic+sram-leakage"", ""edp"": 5.883078070776349e-09}, ""violations"": [], ""model_frontier_extended"": true, ""independent_improvement"": null, ""independent_module_verified"": true, ""independent_observations"": [{""design_id"": ""765685e6239f30a8e22f65c2b5985619a896a2211bdb547cfdf80b120874c219"", ""scope"": ""BlockScheduler, 32 rows x 8 PE, M=32; not full attention"", ""function_passed"": true, ""frequency_feasible"": true, ""metrics"": {""queue_depth"": 0.0, ""rows"": 32.0, ""pe"": 8.0, ""imbalance"": 1.329141, ""row_util"": 0.752366, ""pe_util"": 0.752366, ""cycles"": 251.0, ""area_um2"": 13940.262, ""cells"": 6152.0, ""estimated_power_mw"": 2.799779, ""assumed_activity"": 0.0213, ""critical_path_ns"": 2.4835, ""sta_period_ns"": 2.857142857142857, ""slack_ns"": 0.3378, ""max_frequency_mhz"": 396.92890436281573}, ""latency_s"": 7.171428571428571e-07, ""identity_ok"": true, ""complete_captured_task"": true, ""sources_unchanged"": true, ""frequency_matches"": true, ""source"": {""model"": ""TinyLlama/TinyLlama-1.1B-intermediate-step-1431k-3T"", ""dataset"": ""wiki"", ""layer"": 10, ""seq_len"": 512, ""seed"": 20260903, ""head"": 0, ""token_sha256"": ""72f72a42f8d647ef0db223e6b033d5cb32edc2e9cf91a95cf93eafe6710422e6""}, ""log_uri"": ""/scratch/gz2522/gz2522/tmp/micro-hackthon/runs/critic_ablation_20260911/runs/main32_local_random_s0/765685e6239f30a8e22f65c2b5985619a896a2211bdb547cfdf80b120874c219/rtl/validation.json""}], ""independent_constraint_recovered"": true, ""independent_energy_improvement"": null, ""independent_scope"": ""scheduler only; constraint recovery is not a whole-task Pareto gain""}"
main32_local_random_s0,5d7013c1383962cedc1c582d813ba0e72a5ff104ab54202b592fed4788a6441b,repair,continue,Uniform random untried single-field intervention; no diagnosis,"[""domains"", ""parent_point""]","[{""layer"": ""compiler"", ""field"": ""sram_bytes"", ""operation"": ""set"", ""value"": 131072, ""expected_effect"": ""measure the outcome of this local random control"", ""risk"": ""may worsen or fail constraints""}]",,"{""state"": ""evaluated"", ""before"": {""tile_q"": 64, ""tile_k"": 32, ""tile_d"": 64, ""parallelism"": 16, ""double_buffer"": true, ""num_rows"": 32, ""pe_per_row"": 8, ""reg_width"": 32, ""data_width"": 16, ""sram_bytes"": 262144, ""queue_depth"": 0, ""divider_stages"": 8, ""bank_count"": 16}, ""after"": {""tile_q"": 64, ""tile_k"": 32, ""tile_d"": 64, ""parallelism"": 16, ""double_buffer"": true, ""num_rows"": 32, ""pe_per_row"": 8, ""reg_width"": 32, ""data_width"": 16, ""sram_bytes"": 131072, ""queue_depth"": 0, ""divider_stages"": 8, ""bank_count"": 16}, ""feasible"": true, ""metrics"": {""cycles"": 43542.06185282795, ""compute_cycles"": 28533.461240385288, ""memory_slowdown"": 1.526, ""memory_slowdown_source"": ""measured:xm"", ""clock_period_ns"": 2.273, ""max_frequency_mhz"": 439.94720633523974, ""seconds"": 9.897110659147795e-05, ""pe_utilization"": 0.690254143295938, ""throughput"": 5173226.99152367, ""dram_bytes"": 13412708.545454545, ""area"": 2441821.9376000003, ""power"": 575.078050726494, ""energy_j"": 5.69161110568712e-05, ""energy_efficiency_tasks_per_j"": 17569.717632337688, ""energy_scope"": ""partial-model:execute-array-dynamic+sram-leakage"", ""edp"": 5.6330504941819965e-09}, ""violations"": [], ""model_frontier_extended"": true, ""independent_improvement"": null, ""independent_module_verified"": true, ""independent_observations"": [{""design_id"": ""34f39db87816ca001113003e45f7c294073cbdebd74c8ea327948306958eec64"", ""scope"": ""BlockScheduler, 32 rows x 8 PE, M=32; not full attention"", ""function_passed"": true, ""frequency_feasible"": true, ""metrics"": {""queue_depth"": 0.0, ""rows"": 32.0, ""pe"": 8.0, ""imbalance"": 1.329141, ""row_util"": 0.752366, ""pe_util"": 0.752366, ""cycles"": 251.0, ""area_um2"": 13940.262, ""cells"": 6152.0, ""estimated_power_mw"": 2.799779, ""assumed_activity"": 0.0213, ""critical_path_ns"": 2.4835, ""sta_period_ns"": 2.857142857142857, ""slack_ns"": 0.3378, ""max_frequency_mhz"": 396.92890436281573}, ""latency_s"": 7.171428571428571e-07, ""identity_ok"": true, ""complete_captured_task"": true, ""sources_unchanged"": true, ""frequency_matches"": true, ""source"": {""model"": ""TinyLlama/TinyLlama-1.1B-intermediate-step-1431k-3T"", ""dataset"": ""wiki"", ""layer"": 10, ""seq_len"": 512, ""seed"": 20260903, ""head"": 0, ""token_sha256"": ""72f72a42f8d647ef0db223e6b033d5cb32edc2e9cf91a95cf93eafe6710422e6""}, ""log_uri"": ""/scratch/gz2522/gz2522/tmp/micro-hackthon/runs/critic_ablation_20260911/runs/main32_local_random_s0/34f39db87816ca001113003e45f7c294073cbdebd74c8ea327948306958eec64/rtl/validation.json""}], ""independent_constraint_recovered"": false, ""independent_energy_improvement"": null, ""independent_scope"": ""scheduler only; constraint recovery is not a whole-task Pareto gain""}"
main32_rule_s1,39e0ffefc4c6dd97d4d2b12622c40892b48f1d420a7477b059c3aca1d59880f4,repair,continue,Independent scheduler timing failed; test reduced scheduling fanout,"[""validation""]","[{""layer"": ""compiler"", ""field"": ""queue_depth"", ""operation"": ""set"", ""value"": 2, ""expected_effect"": ""test constraint recovery and latency/energy trade-off; independent evidence is required for acceptance"", ""risk"": ""may worsen another objective or remain infeasible""}]",,"{""state"": ""evaluated"", ""before"": {""tile_q"": 64, ""tile_k"": 64, ""tile_d"": 64, ""parallelism"": 16, ""double_buffer"": true, ""num_rows"": 32, ""pe_per_row"": 8, ""reg_width"": 32, ""data_width"": 16, ""sram_bytes"": 262144, ""queue_depth"": 4, ""divider_stages"": 12, ""bank_count"": 32}, ""after"": {""tile_q"": 64, ""tile_k"": 64, ""tile_d"": 64, ""parallelism"": 16, ""double_buffer"": true, ""num_rows"": 32, ""pe_per_row"": 8, ""reg_width"": 32, ""data_width"": 16, ""sram_bytes"": 262144, ""queue_depth"": 2, ""divider_stages"": 12, ""bank_count"": 32}, ""feasible"": true, ""metrics"": {""cycles"": 25652.68389043134, ""compute_cycles"": 22641.380309295095, ""memory_slowdown"": 1.133, ""memory_slowdown_source"": ""measured:xm"", ""clock_period_ns"": 2.528, ""max_frequency_mhz"": 395.56962025316454, ""seconds"": 6.484998487501043e-05, ""pe_utilization"": 0.8698824707106907, ""throughput"": 7895144.478241756, ""dram_bytes"": 13412708.545454545, ""area"": 3038163.9616, ""power"": 743.6162518810235, ""energy_j"": 4.822350268729632e-05, ""energy_efficiency_tasks_per_j"": 20736.776556536475, ""energy_scope"": ""partial-model:execute-array-dynamic+sram-leakage"", ""edp"": 3.1272934198911912e-09}, ""violations"": [], ""model_frontier_extended"": true, ""independent_improvement"": null, ""independent_module_verified"": false, ""independent_observations"": [{""design_id"": ""466f5b256aa287443a6948d75b8736f52e0d62ff9580279496400f69eaabe4a9"", ""scope"": ""BlockScheduler, 32 rows x 8 PE, M=32; not full attention"", ""function_passed"": true, ""frequency_feasible"": false, ""metrics"": {""queue_depth"": 2.0, ""rows"": 32.0, ""pe"": 8.0, ""imbalance"": 1.329141, ""row_util"": 0.858381, ""pe_util"": 0.858381, ""cycles"": 220.0, ""area_um2"": 41951.658, ""cells"": 16832.0, ""estimated_power_mw"": 8.168453000000001, ""assumed_activity"": 0.0213, ""critical_path_ns"": 2.8915, ""sta_period_ns"": 2.857142857142857, ""slack_ns"": -0.0701, ""max_frequency_mhz"": 341.6183927342648}, ""latency_s"": null, ""identity_ok"": true, ""complete_captured_task"": true, ""sources_unchanged"": true, ""frequency_matches"": true, ""source"": {""model"": ""TinyLlama/TinyLlama-1.1B-intermediate-step-1431k-3T"", ""dataset"": ""wiki"", ""layer"": 10, ""seq_len"": 512, ""seed"": 20260903, ""head"": 0, ""token_sha256"": ""72f72a42f8d647ef0db223e6b033d5cb32edc2e9cf91a95cf93eafe6710422e6""}, ""log_uri"": ""/scratch/gz2522/gz2522/tmp/micro-hackthon/runs/critic_ablation_20260911/runs/main32_rule_s1/466f5b256aa287443a6948d75b8736f52e0d62ff9580279496400f69eaabe4a9/rtl/validation.json""}], ""independent_constraint_recovered"": false, ""independent_energy_improvement"": null, ""independent_scope"": ""scheduler only; constraint recovery is not a whole-task Pareto gain""}"
main32_rule_s1,ea0387749d37e999cd3dc9b0433271926319f58d5a09a4b1c5d2170f798e2a03,repair,continue,Independent scheduler timing failed; test reduced scheduling fanout,"[""validation""]","[{""layer"": ""compiler"", ""field"": ""queue_depth"", ""operation"": ""set"", ""value"": 0, ""expected_effect"": ""test constraint recovery and latency/energy trade-off; independent evidence is required for acceptance"", ""risk"": ""may worsen another objective or remain infeasible""}]",,"{""state"": ""evaluated"", ""before"": {""tile_q"": 64, ""tile_k"": 64, ""tile_d"": 64, ""parallelism"": 16, ""double_buffer"": true, ""num_rows"": 32, ""pe_per_row"": 8, ""reg_width"": 32, ""data_width"": 16, ""sram_bytes"": 262144, ""queue_depth"": 2, ""divider_stages"": 12, ""bank_count"": 32}, ""after"": {""tile_q"": 64, ""tile_k"": 64, ""tile_d"": 64, ""parallelism"": 16, ""double_buffer"": true, ""num_rows"": 32, ""pe_per_row"": 8, ""reg_width"": 32, ""data_width"": 16, ""sram_bytes"": 262144, ""queue_depth"": 0, ""divider_stages"": 12, ""bank_count"": 32}, ""feasible"": true, ""metrics"": {""cycles"": 32328.41158535653, ""compute_cycles"": 28533.461240385288, ""memory_slowdown"": 1.133, ""memory_slowdown_source"": ""measured:xm"", ""clock_period_ns"": 2.273, ""max_frequency_mhz"": 439.94720633523974, ""seconds"": 7.348247953351541e-05, ""pe_utilization"": 0.690254143295938, ""throughput"": 6967647.298380514, ""dram_bytes"": 13412708.545454545, ""area"": 3003178.5616, ""power"": 600.603362726494, ""energy_j"": 4.413382430931012e-05, ""energy_efficiency_tasks_per_j"": 22658.358201445233, ""energy_scope"": ""partial-model:execute-array-dynamic+sram-leakage"", ""edp"": 3.2430628415446456e-09}, ""violations"": [], ""model_frontier_extended"": true, ""independent_improvement"": null, ""independent_module_verified"": true, ""independent_observations"": [{""design_id"": ""86db208eda7fb8f9e075532a45993414af24f3337d2ece0630d2f675d59b39c0"", ""scope"": ""BlockScheduler, 32 rows x 8 PE, M=32; not full attention"", ""function_passed"": true, ""frequency_feasible"": true, ""metrics"": {""queue_depth"": 0.0, ""rows"": 32.0, ""pe"": 8.0, ""imbalance"": 1.329141, ""row_util"": 0.752366, ""pe_util"": 0.752366, ""cycles"": 251.0, ""area_um2"": 13940.262, ""cells"": 6152.0, ""estimated_power_mw"": 2.799779, ""assumed_activity"": 0.0213, ""critical_path_ns"": 2.4835, ""sta_period_ns"": 2.857142857142857, ""slack_ns"": 0.3378, ""max_frequency_mhz"": 396.92890436281573}, ""latency_s"": 7.171428571428571e-07, ""identity_ok"": true, ""complete_captured_task"": true, ""sources_unchanged"": true, ""frequency_matches"": true, ""source"": {""model"": ""TinyLlama/TinyLlama-1.1B-intermediate-step-1431k-3T"", ""dataset"": ""wiki"", ""layer"": 10, ""seq_len"": 512, ""seed"": 20260903, ""head"": 0, ""token_sha256"": ""72f72a42f8d647ef0db223e6b033d5cb32edc2e9cf91a95cf93eafe6710422e6""}, ""log_uri"": ""/scratch/gz2522/gz2522/tmp/micro-hackthon/runs/critic_ablation_20260911/runs/main32_rule_s1/86db208eda7fb8f9e075532a45993414af24f3337d2ece0630d2f675d59b39c0/rtl/validation.json""}], ""independent_constraint_recovered"": true, ""independent_energy_improvement"": null, ""independent_scope"": ""scheduler only; constraint recovery is not a whole-task Pareto gain""}"
main32_rule_s1,9f04b8c44d81ad95accb3720269d5c8335ae5e6cd1290bdc7eab9a9fb57ba88d,repair,continue,Test a scheduling/memory trade-off on the model Pareto frontier,"[""history""]","[{""layer"": ""compiler"", ""field"": ""num_rows"", ""operation"": ""set"", ""value"": 16, ""expected_effect"": ""test constraint recovery and latency/energy trade-off; independent evidence is required for acceptance"", ""risk"": ""may worsen another objective or remain infeasible""}]",,"{""state"": ""evaluated"", ""before"": {""tile_q"": 64, ""tile_k"": 64, ""tile_d"": 64, ""parallelism"": 16, ""double_buffer"": true, ""num_rows"": 32, ""pe_per_row"": 8, ""reg_width"": 32, ""data_width"": 16, ""sram_bytes"": 262144, ""queue_depth"": 0, ""divider_stages"": 12, ""bank_count"": 32}, ""after"": {""tile_q"": 64, ""tile_k"": 64, ""tile_d"": 64, ""parallelism"": 16, ""double_buffer"": true, ""num_rows"": 16, ""pe_per_row"": 8, ""reg_width"": 32, ""data_width"": 16, ""sram_bytes"": 262144, ""queue_depth"": 0, ""divider_stages"": 12, ""bank_count"": 32}, ""feasible"": true, ""metrics"": {""cycles"": 60790.20458262795, ""compute_cycles"": 53654.196454217075, ""memory_slowdown"": 1.133, ""memory_slowdown_source"": ""measured:xm"", ""clock_period_ns"": 2.273, ""max_frequency_mhz"": 439.94720633523974, ""seconds"": 0.00013817613501631334, ""pe_utilization"": 0.7341584124013845, ""throughput"": 3705415.554860847, ""dram_bytes"": 13412708.545454545, ""area"": 2031683.9048000001, ""power"": 343.30440480874313, ""energy_j"": 4.743647579054798e-05, ""energy_efficiency_tasks_per_j"": 21080.824056479683, ""energy_scope"": ""partial-model:execute-array-dynamic+sram-leakage"", ""edp"": 6.554588883532837e-09}, ""violations"": [], ""model_frontier_extended"": false, ""independent_improvement"": null, ""independent_module_verified"": true, ""independent_observations"": [{""design_id"": ""2378616afe21600fe56926ad43ec986e3261b39168f3c174df61cc2fe1d24b45"", ""scope"": ""BlockScheduler, 16 rows x 8 PE, M=32; not full attention"", ""function_passed"": true, ""frequency_feasible"": true, ""metrics"": {""queue_depth"": 0.0, ""rows"": 16.0, ""pe"": 8.0, ""imbalance"": 1.265597, ""row_util"": 0.790141, ""pe_util"": 0.790141, ""cycles"": 478.0, ""area_um2"": 7374.318, ""cells"": 3321.0, ""estimated_power_mw"": 1.478434, ""assumed_activity"": 0.0213, ""critical_path_ns"": 2.364, ""sta_period_ns"": 2.857142857142857, ""slack_ns"": 0.4585, ""max_frequency_mhz"": 416.9024150561329}, ""latency_s"": 1.3657142857142857e-06, ""identity_ok"": true, ""complete_captured_task"": true, ""sources_unchanged"": true, ""frequency_matches"": true, ""source"": {""model"": ""TinyLlama/TinyLlama-1.1B-intermediate-step-1431k-3T"", ""dataset"": ""wiki"", ""layer"": 10, ""seq_len"": 512, ""seed"": 20260903, ""head"": 0, ""token_sha256"": ""72f72a42f8d647ef0db223e6b033d5cb32edc2e9cf91a95cf93eafe6710422e6""}, ""log_uri"": ""/scratch/gz2522/gz2522/tmp/micro-hackthon/runs/critic_ablation_20260911/runs/main32_rule_s1/2378616afe21600fe56926ad43ec986e3261b39168f3c174df61cc2fe1d24b45/rtl/validation.json""}], ""independent_constraint_recovered"": false, ""independent_energy_improvement"": null, ""independent_scope"": ""scheduler only; constraint recovery is not a whole-task Pareto gain""}"
main32_rule_s1,04c5a2033cbe030e2e8622f6e70c879b4773fa4299e5d37dcc8768cc0b5b690f,repair,continue,Test a scheduling/memory trade-off on the model Pareto frontier,"[""history""]","[{""layer"": ""compiler"", ""field"": ""queue_depth"", ""operation"": ""set"", ""value"": 2, ""expected_effect"": ""test constraint recovery and latency/energy trade-off; independent evidence is required for acceptance"", ""risk"": ""may worsen another objective or remain infeasible""}]",,"{""state"": ""evaluated"", ""before"": {""tile_q"": 64, ""tile_k"": 64, ""tile_d"": 64, ""parallelism"": 16, ""double_buffer"": true, ""num_rows"": 16, ""pe_per_row"": 8, ""reg_width"": 32, ""data_width"": 16, ""sram_bytes"": 262144, ""queue_depth"": 0, ""divider_stages"": 12, ""bank_count"": 32}, ""after"": {""tile_q"": 64, ""tile_k"": 64, ""tile_d"": 64, ""parallelism"": 16, ""double_buffer"": true, ""num_rows"": 16, ""pe_per_row"": 8, ""reg_width"": 32, ""data_width"": 16, ""sram_bytes"": 262144, ""queue_depth"": 2, ""divider_stages"": 12, ""bank_count"": 32}, ""feasible"": true, ""metrics"": {""cycles"": 50016.49491816765, ""compute_cycles"": 44145.18527640569, ""memory_slowdown"": 1.133, ""memory_slowdown_source"": ""measured:xm"", ""clock_period_ns"": 2.528, ""max_frequency_mhz"": 395.56962025316454, ""seconds"": 0.00012644169915312784, ""pe_utilization"": 0.8922984339257755, ""throughput"": 4049297.054921256, ""dram_bytes"": 13412708.545454545, ""area"": 2049176.6048, ""power"": 406.25678457717265, ""energy_j"": 5.136779813442393e-05, ""energy_efficiency_tasks_per_j"": 19467.449186416536, ""energy_scope"": ""partial-model:execute-array-dynamic+sram-leakage"", ""edp"": 6.495031677871433e-09}, ""violations"": [], ""model_frontier_extended"": false, ""independent_improvement"": null, ""independent_module_verified"": true, ""independent_observations"": [{""design_id"": ""9745d7a17334845f9aa9aaa38999949b658ef21b6f74390dfb9af6e7d66d0a94"", ""scope"": ""BlockScheduler, 16 rows x 8 PE, M=32; not full attention"", ""function_passed"": true, ""frequency_feasible"": true, ""metrics"": {""queue_depth"": 2.0, ""rows"": 16.0, ""pe"": 8.0, ""imbalance"": 1.265597, ""row_util"": 0.903559, ""pe_util"": 0.903559, ""cycles"": 418.0, ""area_um2"": 21387.198, ""cells"": 8636.0, ""estimated_power_mw"": 4.162457, ""assumed_activity"": 0.0213, ""critical_path_ns"": 2.6061, ""sta_period_ns"": 2.857142857142857, ""slack_ns"": 0.2164, ""max_frequency_mhz"": 378.68132343712807}, ""latency_s"": 1.1942857142857144e-06, ""identity_ok"": true, ""complete_captured_task"": true, ""sources_unchanged"": true, ""frequency_matches"": true, ""source"": {""model"": ""TinyLlama/TinyLlama-1.1B-intermediate-step-1431k-3T"", ""dataset"": ""wiki"", ""layer"": 10, ""seq_len"": 512, ""seed"": 20260903, ""head"": 0, ""token_sha256"": ""72f72a42f8d647ef0db223e6b033d5cb32edc2e9cf91a95cf93eafe6710422e6""}, ""log_uri"": ""/scratch/gz2522/gz2522/tmp/micro-hackthon/runs/critic_ablation_20260911/runs/main32_rule_s1/9745d7a17334845f9aa9aaa38999949b658ef21b6f74390dfb9af6e7d66d0a94/rtl/validation.json""}], ""independent_constraint_recovered"": false, ""independent_energy_improvement"": null, ""independent_scope"": ""scheduler only; constraint recovery is not a whole-task Pareto gain""}"
main32_rule_s1,ada3ae52fd5aaac1c5ec86bf19d3077a10c7dc100c2ec87557dc08b0163f6cea,repair,continue,Test a scheduling/memory trade-off on the model Pareto frontier,"[""history""]","[{""layer"": ""compiler"", ""field"": ""queue_depth"", ""operation"": ""set"", ""value"": 4, ""expected_effect"": ""test constraint recovery and latency/energy trade-off; independent evidence is required for acceptance"", ""risk"": ""may worsen another objective or remain infeasible""}]",,"{""state"": ""evaluated"", ""before"": {""tile_q"": 64, ""tile_k"": 64, ""tile_d"": 64, ""parallelism"": 16, ""double_buffer"": true, ""num_rows"": 16, ""pe_per_row"": 8, ""reg_width"": 32, ""data_width"": 16, ""sram_bytes"": 262144, ""queue_depth"": 2, ""divider_stages"": 12, ""bank_count"": 32}, ""after"": {""tile_q"": 64, ""tile_k"": 64, ""tile_d"": 64, ""parallelism"": 16, ""double_buffer"": true, ""num_rows"": 16, ""pe_per_row"": 8, ""reg_width"": 32, ""data_width"": 16, ""sram_bytes"": 262144, ""queue_depth"": 4, ""divider_stages"": 12, ""bank_count"": 32}, ""feasible"": true, ""metrics"": {""cycles"": 47861.75298527559, ""compute_cycles"": 42243.383040843415, ""memory_slowdown"": 1.133, ""memory_slowdown_source"": ""measured:xm"", ""clock_period_ns"": 2.76, ""max_frequency_mhz"": 362.3188405797102, ""seconds"": 0.0001320984382393606, ""pe_utilization"": 0.9324698178035303, ""throughput"": 3875897.450598642, ""dram_bytes"": 13412708.545454545, ""area"": 2065610.9048000001, ""power"": 422.2482090712293, ""energy_j"": 5.5778328967676417e-05, ""energy_efficiency_tasks_per_j"": 17928.109688970795, ""energy_scope"": ""partial-model:execute-array-dynamic+sram-leakage"", ""edp"": 7.368230144231342e-09}, ""violations"": [], ""model_frontier_extended"": false, ""independent_improvement"": null, ""independent_module_verified"": false, ""independent_observations"": [{""design_id"": ""0281a748831ee8a794653443deb9f9353e7d3b08e0e3e050b630eacddaa24bec"", ""scope"": ""BlockScheduler, 16 rows x 8 PE, M=32; not full attention"", ""function_passed"": true, ""frequency_feasible"": false, ""metrics"": {""queue_depth"": 4.0, ""rows"": 16.0, ""pe"": 8.0, ""imbalance"": 1.265597, ""row_util"": 0.93719, ""pe_util"": 0.93719, ""cycles"": 403.0, ""area_um2"": 34854.512, ""cells"": 13647.0, ""estimated_power_mw"": 6.736003, ""assumed_activity"": 0.0213, ""critical_path_ns"": 2.8837, ""sta_period_ns"": 2.857142857142857, ""slack_ns"": -0.0624, ""max_frequency_mhz"": 342.51937681045956}, ""latency_s"": null, ""identity_ok"": true, ""complete_captured_task"": true, ""sources_unchanged"": true, ""frequency_matches"": true, ""source"": {""model"": ""TinyLlama/TinyLlama-1.1B-intermediate-step-1431k-3T"", ""dataset"": ""wiki"", ""layer"": 10, ""seq_len"": 512, ""seed"": 20260903, ""head"": 0, ""token_sha256"": ""72f72a42f8d647ef0db223e6b033d5cb32edc2e9cf91a95cf93eafe6710422e6""}, ""log_uri"": ""/scratch/gz2522/gz2522/tmp/micro-hackthon/runs/critic_ablation_20260911/runs/main32_rule_s1/0281a748831ee8a794653443deb9f9353e7d3b08e0e3e050b630eacddaa24bec/rtl/validation.json""}], ""independent_constraint_recovered"": false, ""independent_energy_improvement"": null, ""independent_scope"": ""scheduler only; constraint recovery is not a whole-task Pareto gain""}"
main32_llm_s1,39e0ffefc4c6dd97d4d2b12622c40892b48f1d420a7477b059c3aca1d59880f4,repair,continue,"The parent configuration is infeasible because it fails to meet the 350 MHz frequency target. Independent validation of the BlockScheduler component confirms this, reporting a maximum frequency of only 324.07 MHz and a negative slack of -0.2286 ns. The top-level model's frequency estimate of 362.3 MHz was optimistic and overruled by the more accurate, component-level STA. To address the timing fai","[""validation.0.frequency_feasible"", ""validation.0.metrics.max_frequency_mhz"", ""validation.0.metrics.slack_ns"", ""constraints.target_mhz"", ""history.0.feasible""]","[{""layer"": ""compiler"", ""field"": ""queue_depth"", ""operation"": ""set"", ""value"": 2, ""expected_effect"": ""Increase max_frequency_mhz to >= 350 MHz, making the configuration feasible. This may have a minor impact on cycle count."", ""risk"": ""The timing improvement may be insufficient to meet the 350 MHz target. The shallower queue could also introduce pipeline stalls, increasing total cycles and degrading performance.""}]",,"{""state"": ""evaluated"", ""before"": {""tile_q"": 64, ""tile_k"": 64, ""tile_d"": 64, ""parallelism"": 16, ""double_buffer"": true, ""num_rows"": 32, ""pe_per_row"": 8, ""reg_width"": 32, ""data_width"": 16, ""sram_bytes"": 262144, ""queue_depth"": 4, ""divider_stages"": 12, ""bank_count"": 32}, ""after"": {""tile_q"": 64, ""tile_k"": 64, ""tile_d"": 64, ""parallelism"": 16, ""double_buffer"": true, ""num_rows"": 32, ""pe_per_row"": 8, ""reg_width"": 32, ""data_width"": 16, ""sram_bytes"": 262144, ""queue_depth"": 2, ""divider_stages"": 12, ""bank_count"": 32}, ""feasible"": true, ""metrics"": {""cycles"": 25652.68389043134, ""compute_cycles"": 22641.380309295095, ""memory_slowdown"": 1.133, ""memory_slowdown_source"": ""measured:xm"", ""clock_period_ns"": 2.528, ""max_frequency_mhz"": 395.56962025316454, ""seconds"": 6.484998487501043e-05, ""pe_utilization"": 0.8698824707106907, ""throughput"": 7895144.478241756, ""dram_bytes"": 13412708.545454545, ""area"": 3038163.9616, ""power"": 743.6162518810235, ""energy_j"": 4.822350268729632e-05, ""energy_efficiency_tasks_per_j"": 20736.776556536475, ""energy_scope"": ""partial-model:execute-array-dynamic+sram-leakage"", ""edp"": 3.1272934198911912e-09}, ""violations"": [], ""model_frontier_extended"": true, ""independent_improvement"": null, ""independent_module_verified"": false, ""independent_observations"": [{""design_id"": ""466f5b256aa287443a6948d75b8736f52e0d62ff9580279496400f69eaabe4a9"", ""scope"": ""BlockScheduler, 32 rows x 8 PE, M=32; not full attention"", ""function_passed"": true, ""frequency_feasible"": false, ""metrics"": {""queue_depth"": 2.0, ""rows"": 32.0, ""pe"": 8.0, ""imbalance"": 1.329141, ""row_util"": 0.858381, ""pe_util"": 0.858381, ""cycles"": 220.0, ""area_um2"": 41951.658, ""cells"": 16832.0, ""estimated_power_mw"": 8.168453000000001, ""assumed_activity"": 0.0213, ""critical_path_ns"": 2.8915, ""sta_period_ns"": 2.857142857142857, ""slack_ns"": -0.0701, ""max_frequency_mhz"": 341.6183927342648}, ""latency_s"": null, ""identity_ok"": true, ""complete_captured_task"": true, ""sources_unchanged"": true, ""frequency_matches"": true, ""source"": {""model"": ""TinyLlama/TinyLlama-1.1B-intermediate-step-1431k-3T"", ""dataset"": ""wiki"", ""layer"": 10, ""seq_len"": 512, ""seed"": 20260903, ""head"": 0, ""token_sha256"": ""72f72a42f8d647ef0db223e6b033d5cb32edc2e9cf91a95cf93eafe6710422e6""}, ""log_uri"": ""/scratch/gz2522/gz2522/tmp/micro-hackthon/runs/critic_ablation_20260911/runs/main32_llm_s1/466f5b256aa287443a6948d75b8736f52e0d62ff9580279496400f69eaabe4a9/rtl/validation.json""}], ""independent_constraint_recovered"": false, ""independent_energy_improvement"": null, ""independent_scope"": ""scheduler only; constraint recovery is not a whole-task Pareto gain""}"
main32_llm_s1,9fdf6bc987edffe554b46c30e32dcc1481c5b577c52b81632142d56ac2b03994,repair,continue,"The parent point failed independent validation for its BlockScheduler component, which could not meet the 350 MHz target frequency. The validation report shows a negative slack of -0.0701 ns, achieving only 341.6 MHz. The full system model's frequency estimate of 395.6 MHz for this point was clearly optimistic and incorrect. To address this timing failure, I propose reducing the scheduler's queue ","[""history.1.violations"", ""validation.0.frequency_feasible"", ""validation.0.metrics.slack_ns"", ""validation.0.metrics.max_frequency_mhz"", ""constraints.target_mhz""]","[{""layer"": ""compiler"", ""field"": ""queue_depth"", ""operation"": ""set"", ""value"": 0, ""expected_effect"": ""The modified configuration will pass independent scheduler validation by meeting the 350 MHz frequency target, resulting in a feasible design point. Total cycles may increase due to reduced buffering."", ""risk"": ""The removal of the queue may significantly increase stalls and overall cycle time, potentially making the design non-competitive on performance, even if it becomes feasible.""}]",,"{""state"": ""evaluated"", ""before"": {""tile_q"": 64, ""tile_k"": 64, ""tile_d"": 64, ""parallelism"": 16, ""double_buffer"": true, ""num_rows"": 32, ""pe_per_row"": 8, ""reg_width"": 32, ""data_width"": 16, ""sram_bytes"": 262144, ""queue_depth"": 2, ""divider_stages"": 12, ""bank_count"": 32}, ""after"": {""tile_q"": 64, ""tile_k"": 64, ""tile_d"": 64, ""parallelism"": 16, ""double_buffer"": true, ""num_rows"": 32, ""pe_per_row"": 8, ""reg_width"": 32, ""data_width"": 16, ""sram_bytes"": 262144, ""queue_depth"": 0, ""divider_stages"": 12, ""bank_count"": 32}, ""feasible"": true, ""metrics"": {""cycles"": 32328.41158535653, ""compute_cycles"": 28533.461240385288, ""memory_slowdown"": 1.133, ""memory_slowdown_source"": ""measured:xm"", ""clock_period_ns"": 2.273, ""max_frequency_mhz"": 439.94720633523974, ""seconds"": 7.348247953351541e-05, ""pe_utilization"": 0.690254143295938, ""throughput"": 6967647.298380514, ""dram_bytes"": 13412708.545454545, ""area"": 3003178.5616, ""power"": 600.603362726494, ""energy_j"": 4.413382430931012e-05, ""energy_efficiency_tasks_per_j"": 22658.358201445233, ""energy_scope"": ""partial-model:execute-array-dynamic+sram-leakage"", ""edp"": 3.2430628415446456e-09}, ""violations"": [], ""model_frontier_extended"": true, ""independent_improvement"": null, ""independent_module_verified"": true, ""independent_observations"": [{""design_id"": ""86db208eda7fb8f9e075532a45993414af24f3337d2ece0630d2f675d59b39c0"", ""scope"": ""BlockScheduler, 32 rows x 8 PE, M=32; not full attention"", ""function_passed"": true, ""frequency_feasible"": true, ""metrics"": {""queue_depth"": 0.0, ""rows"": 32.0, ""pe"": 8.0, ""imbalance"": 1.329141, ""row_util"": 0.752366, ""pe_util"": 0.752366, ""cycles"": 251.0, ""area_um2"": 13940.262, ""cells"": 6152.0, ""estimated_power_mw"": 2.799779, ""assumed_activity"": 0.0213, ""critical_path_ns"": 2.4835, ""sta_period_ns"": 2.857142857142857, ""slack_ns"": 0.3378, ""max_frequency_mhz"": 396.92890436281573}, ""latency_s"": 7.171428571428571e-07, ""identity_ok"": true, ""complete_captured_task"": true, ""sources_unchanged"": true, ""frequency_matches"": true, ""source"": {""model"": ""TinyLlama/TinyLlama-1.1B-intermediate-step-1431k-3T"", ""dataset"": ""wiki"", ""layer"": 10, ""seq_len"": 512, ""seed"": 20260903, ""head"": 0, ""token_sha256"": ""72f72a42f8d647ef0db223e6b033d5cb32edc2e9cf91a95cf93eafe6710422e6""}, ""log_uri"": ""/scratch/gz2522/gz2522/tmp/micro-hackthon/runs/critic_ablation_20260911/runs/main32_llm_s1/86db208eda7fb8f9e075532a45993414af24f3337d2ece0630d2f675d59b39c0/rtl/validation.json""}], ""independent_constraint_recovered"": true, ""independent_energy_improvement"": null, ""independent_scope"": ""scheduler only; constraint recovery is not a whole-task Pareto gain""}"
main32_llm_s1,8234b4a90923ce7f9c4a1f2c93851a35bbb5509bc0df034b914ff3fea17427b0,repair,continue,"The current parent point at `queue_depth=0` is feasible but has poor performance (high cycles, low PE utilization). Historical data shows that increasing `queue_depth` to 2 or 4 dramatically reduces cycle count but fails timing validation, as seen in `history.1`. The validation failure indicates that the timing slack available in the parent design is insufficient to accommodate the more complex sc","[""history.2.metrics.pe_utilization"", ""history.1.violations"", ""history.1.metrics.cycles"", ""history.2.metrics.cycles"", ""validation.0.metrics.slack_ns"", ""parent_point.reg_width"", ""parent_point.data_width""]","[{""layer"": ""compiler"", ""field"": ""reg_width"", ""operation"": ""set"", ""value"": 16, ""expected_effect"": ""The new configuration will exhibit a higher maximum frequency and reduced area compared to the parent point. This increased timing slack is intended to make a future increase in `queue_depth` feasible."", ""risk"": ""If 32-bit operations are critical to the workload, reducing `reg_width` to 16 could increase the cycle count, potentially worsening overall latency (seconds) and energy consumption in this step.""}]",,"{""state"": ""evaluated"", ""before"": {""tile_q"": 64, ""tile_k"": 64, ""tile_d"": 64, ""parallelism"": 16, ""double_buffer"": true, ""num_rows"": 32, ""pe_per_row"": 8, ""reg_width"": 32, ""data_width"": 16, ""sram_bytes"": 262144, ""queue_depth"": 0, ""divider_stages"": 12, ""bank_count"": 32}, ""after"": {""tile_q"": 64, ""tile_k"": 64, ""tile_d"": 64, ""parallelism"": 16, ""double_buffer"": true, ""num_rows"": 32, ""pe_per_row"": 8, ""reg_width"": 16, ""data_width"": 16, ""sram_bytes"": 262144, ""queue_depth"": 0, ""divider_stages"": 12, ""bank_count"": 32}, ""feasible"": true, ""metrics"": {""cycles"": 32328.41158535653, ""compute_cycles"": 28533.461240385288, ""memory_slowdown"": 1.133, ""memory_slowdown_source"": ""measured:xm"", ""clock_period_ns"": 2.273, ""max_frequency_mhz"": 439.94720633523974, ""seconds"": 7.348247953351541e-05, ""pe_utilization"": 0.690254143295938, ""throughput"": 6967647.298380514, ""dram_bytes"": 13412708.545454545, ""area"": 2984399.2208, ""power"": 600.603362726494, ""energy_j"": 4.413382430931012e-05, ""energy_efficiency_tasks_per_j"": 22658.358201445233, ""energy_scope"": ""partial-model:execute-array-dynamic+sram-leakage"", ""edp"": 3.2430628415446456e-09}, ""violations"": [], ""model_frontier_extended"": false, ""independent_improvement"": null, ""independent_module_verified"": true, ""independent_observations"": [{""design_id"": ""6940336e9a43671635dab597aef8f33803a392d3710d7937fc0c2336bfbfb65a"", ""scope"": ""BlockScheduler, 32 rows x 8 PE, M=32; not full attention"", ""function_passed"": true, ""frequency_feasible"": true, ""metrics"": {""queue_depth"": 0.0, ""rows"": 32.0, ""pe"": 8.0, ""imbalance"": 1.329141, ""row_util"": 0.752366, ""pe_util"": 0.752366, ""cycles"": 251.0, ""area_um2"": 13940.262, ""cells"": 6152.0, ""estimated_power_mw"": 2.799779, ""assumed_activity"": 0.0213, ""critical_path_ns"": 2.4835, ""sta_period_ns"": 2.857142857142857, ""slack_ns"": 0.3378, ""max_frequency_mhz"": 396.92890436281573}, ""latency_s"": 7.171428571428571e-07, ""identity_ok"": true, ""complete_captured_task"": true, ""sources_unchanged"": true, ""frequency_matches"": true, ""source"": {""model"": ""TinyLlama/TinyLlama-1.1B-intermediate-step-1431k-3T"", ""dataset"": ""wiki"", ""layer"": 10, ""seq_len"": 512, ""seed"": 20260903, ""head"": 0, ""token_sha256"": ""72f72a42f8d647ef0db223e6b033d5cb32edc2e9cf91a95cf93eafe6710422e6""}, ""log_uri"": ""/scratch/gz2522/gz2522/tmp/micro-hackthon/runs/critic_ablation_20260911/runs/main32_llm_s1/6940336e9a43671635dab597aef8f33803a392d3710d7937fc0c2336bfbfb65a/rtl/validation.json""}], ""independent_constraint_recovered"": false, ""independent_energy_improvement"": null, ""independent_scope"": ""scheduler only; constraint recovery is not a whole-task Pareto gain""}"
main32_llm_s1,d210b47e60f0a71a5c698a98bdfe9ac9c16dd1ce319d326bf3b438ee135a26f2,repair,continue,"The parent point (history.3) has a queue_depth of 0, resulting in low PE utilization (0.69) and high cycle count (32k). A previous attempt with queue_depth=2 (history.1) showed a significant performance improvement, reducing cycles to 25k and total time (seconds) by 12%, at a minor energy cost. However, this point was rejected by the independent scheduler validation. The parent point differs from ","[""history.3.metrics.pe_utilization"", ""history.3.metrics.seconds"", ""history.1.metrics.seconds"", ""history.1.violations"", ""parent_point.queue_depth"", ""parent_point.reg_width"", ""history.1.point.reg_width""]","[{""layer"": ""compiler"", ""field"": ""queue_depth"", ""operation"": ""set"", ""value"": 2, ""expected_effect"": ""Significantly reduce cycle count and total execution time (seconds), similar to the improvement seen in history.1 over history.2. This configuration is expected to pass validation, unlike the previous attempt with a different reg_width."", ""risk"": ""The independent scheduler validation might reject this point again, indicating a more fundamental issue with queue_depth > 0. However, the potential performance gain justifies re-evaluating this parameter in a slightly different hardware context.""}]",,"{""state"": ""evaluated"", ""before"": {""tile_q"": 64, ""tile_k"": 64, ""tile_d"": 64, ""parallelism"": 16, ""double_buffer"": true, ""num_rows"": 32, ""pe_per_row"": 8, ""reg_width"": 16, ""data_width"": 16, ""sram_bytes"": 262144, ""queue_depth"": 0, ""divider_stages"": 12, ""bank_count"": 32}, ""after"": {""tile_q"": 64, ""tile_k"": 64, ""tile_d"": 64, ""parallelism"": 16, ""double_buffer"": true, ""num_rows"": 32, ""pe_per_row"": 8, ""reg_width"": 16, ""data_width"": 16, ""sram_bytes"": 262144, ""queue_depth"": 2, ""divider_stages"": 12, ""bank_count"": 32}, ""feasible"": true, ""metrics"": {""cycles"": 25652.68389043134, ""compute_cycles"": 22641.380309295095, ""memory_slowdown"": 1.133, ""memory_slowdown_source"": ""measured:xm"", ""clock_period_ns"": 2.528, ""max_frequency_mhz"": 395.56962025316454, ""seconds"": 6.484998487501043e-05, ""pe_utilization"": 0.8698824707106907, ""throughput"": 7895144.478241756, ""dram_bytes"": 13412708.545454545, ""area"": 3019384.6207999997, ""power"": 743.6162518810235, ""energy_j"": 4.822350268729632e-05, ""energy_efficiency_tasks_per_j"": 20736.776556536475, ""energy_scope"": ""partial-model:execute-array-dynamic+sram-leakage"", ""edp"": 3.1272934198911912e-09}, ""violations"": [], ""model_frontier_extended"": true, ""independent_improvement"": null, ""independent_module_verified"": false, ""independent_observations"": [{""design_id"": ""d6cf4aac4fcccb17852d056b80ff84845bfba88e99cfdc21c4658bdba769c453"", ""scope"": ""BlockScheduler, 32 rows x 8 PE, M=32; not full attention"", ""function_passed"": true, ""frequency_feasible"": false, ""metrics"": {""queue_depth"": 2.0, ""rows"": 32.0, ""pe"": 8.0, ""imbalance"": 1.329141, ""row_util"": 0.858381, ""pe_util"": 0.858381, ""cycles"": 220.0, ""area_um2"": 41951.658, ""cells"": 16832.0, ""estimated_power_mw"": 8.168453000000001, ""assumed_activity"": 0.0213, ""critical_path_ns"": 2.8915, ""sta_period_ns"": 2.857142857142857, ""slack_ns"": -0.0701, ""max_frequency_mhz"": 341.6183927342648}, ""latency_s"": null, ""identity_ok"": true, ""complete_captured_task"": true, ""sources_unchanged"": true, ""frequency_matches"": true, ""source"": {""model"": ""TinyLlama/TinyLlama-1.1B-intermediate-step-1431k-3T"", ""dataset"": ""wiki"", ""layer"": 10, ""seq_len"": 512, ""seed"": 20260903, ""head"": 0, ""token_sha256"": ""72f72a42f8d647ef0db223e6b033d5cb32edc2e9cf91a95cf93eafe6710422e6""}, ""log_uri"": ""/scratch/gz2522/gz2522/tmp/micro-hackthon/runs/critic_ablation_20260911/runs/main32_llm_s1/d6cf4aac4fcccb17852d056b80ff84845bfba88e99cfdc21c4658bdba769c453/rtl/validation.json""}], ""independent_constraint_recovered"": false, ""independent_energy_improvement"": null, ""independent_scope"": ""scheduler only; constraint recovery is not a whole-task Pareto gain""}"
main32_llm_s1,9897351bdf47ca6324863ab03de484cc484bda66de8dec1b176628bf6f121003,repair,continue,"The parent point is infeasible due to a timing failure in the block scheduler, as shown by independent validation where frequency_feasible is false. The scheduler with queue_depth=2 does not meet the 350 MHz target. History shows that a simpler configuration with queue_depth=0 is feasible (history.3), but proposing this change would create a duplicate point. Therefore, I propose an alternative cha","[""validation.0.frequency_feasible"", ""validation.0.metrics.max_frequency_mhz"", ""history.4.violations"", ""history.3.feasible""]","[{""layer"": ""compiler"", ""field"": ""num_rows"", ""operation"": ""set"", ""value"": 16, ""expected_effect"": ""The block scheduler's max frequency will increase to meet or exceed the 350 MHz target, resolving the timing violation and making the hardware configuration feasible."", ""risk"": ""Reducing the number of rows halves the total PE count from 256 to 128. This will increase the number of execution cycles and may increase overall latency (seconds), but it is a necessary step to achieve a feasible design point.""}]",,"{""state"": ""evaluated"", ""before"": {""tile_q"": 64, ""tile_k"": 64, ""tile_d"": 64, ""parallelism"": 16, ""double_buffer"": true, ""num_rows"": 32, ""pe_per_row"": 8, ""reg_width"": 16, ""data_width"": 16, ""sram_bytes"": 262144, ""queue_depth"": 2, ""divider_stages"": 12, ""bank_count"": 32}, ""after"": {""tile_q"": 64, ""tile_k"": 64, ""tile_d"": 64, ""parallelism"": 16, ""double_buffer"": true, ""num_rows"": 16, ""pe_per_row"": 8, ""reg_width"": 16, ""data_width"": 16, ""sram_bytes"": 262144, ""queue_depth"": 2, ""divider_stages"": 12, ""bank_count"": 32}, ""feasible"": true, ""metrics"": {""cycles"": 50016.49491816765, ""compute_cycles"": 44145.18527640569, ""memory_slowdown"": 1.133, ""memory_slowdown_source"": ""measured:xm"", ""clock_period_ns"": 2.528, ""max_frequency_mhz"": 395.56962025316454, ""seconds"": 0.00012644169915312784, ""pe_utilization"": 0.8922984339257755, ""throughput"": 4049297.054921256, ""dram_bytes"": 13412708.545454545, ""area"": 2039786.9344, ""power"": 406.25678457717265, ""energy_j"": 5.136779813442393e-05, ""energy_efficiency_tasks_per_j"": 19467.449186416536, ""energy_scope"": ""partial-model:execute-array-dynamic+sram-leakage"", ""edp"": 6.495031677871433e-09}, ""violations"": [], ""model_frontier_extended"": false, ""independent_improvement"": null, ""independent_module_verified"": true, ""independent_observations"": [{""design_id"": ""5c7dde8576647ca9d92689257d8c12045cf731cbba22a1d23ae688a000c34932"", ""scope"": ""BlockScheduler, 16 rows x 8 PE, M=32; not full attention"", ""function_passed"": true, ""frequency_feasible"": true, ""metrics"": {""queue_depth"": 2.0, ""rows"": 16.0, ""pe"": 8.0, ""imbalance"": 1.265597, ""row_util"": 0.903559, ""pe_util"": 0.903559, ""cycles"": 418.0, ""area_um2"": 21387.198, ""cells"": 8636.0, ""estimated_power_mw"": 4.162457, ""assumed_activity"": 0.0213, ""critical_path_ns"": 2.6061, ""sta_period_ns"": 2.857142857142857, ""slack_ns"": 0.2164, ""max_frequency_mhz"": 378.68132343712807}, ""latency_s"": 1.1942857142857144e-06, ""identity_ok"": true, ""complete_captured_task"": true, ""sources_unchanged"": true, ""frequency_matches"": true, ""source"": {""model"": ""TinyLlama/TinyLlama-1.1B-intermediate-step-1431k-3T"", ""dataset"": ""wiki"", ""layer"": 10, ""seq_len"": 512, ""seed"": 20260903, ""head"": 0, ""token_sha256"": ""72f72a42f8d647ef0db223e6b033d5cb32edc2e9cf91a95cf93eafe6710422e6""}, ""log_uri"": ""/scratch/gz2522/gz2522/tmp/micro-hackthon/runs/critic_ablation_20260911/runs/main32_llm_s1/5c7dde8576647ca9d92689257d8c12045cf731cbba22a1d23ae688a000c34932/rtl/validation.json""}], ""independent_constraint_recovered"": true, ""independent_energy_improvement"": null, ""independent_scope"": ""scheduler only; constraint recovery is not a whole-task Pareto gain""}"
main32_shadow_s1,39e0ffefc4c6dd97d4d2b12622c40892b48f1d420a7477b059c3aca1d59880f4,repair,continue,"The parent configuration failed to meet the 350 MHz timing target, achieving only 324 MHz, as shown by the negative slack in the BlockScheduler validation. The timing failure is likely due to the logical complexity of the scheduler's queue implementation. I propose reducing the `queue_depth` from 4 to 2. This is a targeted change to simplify the scheduler logic, shorten the critical path, and reso","[""validation.0.frequency_feasible"", ""validation.0.metrics.max_frequency_mhz"", ""constraints.target_mhz"", ""validation.0.metrics.slack_ns"", ""parent_point.queue_depth""]","[{""layer"": ""compiler"", ""field"": ""queue_depth"", ""operation"": ""set"", ""value"": 2, ""expected_effect"": ""The design will meet the 350 MHz timing target (frequency_feasible will be true) by simplifying scheduler logic and reducing the critical path delay."", ""risk"": ""The shallower queue might increase pipeline stalls if data production and consumption are not well-balanced, potentially increasing the total cycle count and negating the performance benefit of a faster clock.""}]",,"{""state"": ""shadow_not_applied""}"
main32_shadow_s1,471d10315229a4735ebf527e45b9a9fe5ff6100311b40a03e03c5f3f2ce0c56f,repair,continue,Test a scheduling/memory trade-off on the model Pareto frontier,"[""history""]","[{""layer"": ""compiler"", ""field"": ""queue_depth"", ""operation"": ""set"", ""value"": 2, ""expected_effect"": ""test constraint recovery and latency/energy trade-off; independent evidence is required for acceptance"", ""risk"": ""may worsen another objective or remain infeasible""}]",ValueError: unknown evidence path: validation.0.slack_ns,"{""state"": ""shadow_not_applied""}"
main32_shadow_s1,13819b2e0138e167bc4bfa3fe919d5d342c52a5652ba5912841498c29e08f194,repair,continue,"The parent point (history.2) is feasible but exhibits a very high memory_slowdown of 2.145, which severely limits performance (high cycles, seconds, and energy). The kernel profile also shows a significant load_imbalance of 2.97. This suggests that the processing elements are frequently stalled waiting for memory, and the workload is unevenly distributed. The current design has a queue_depth of 0,","[""history.2.metrics.memory_slowdown"", ""history.2.metrics.seconds"", ""history.2.metrics.energy_j"", ""kernel.profile.load_imbalance"", ""parent_point.queue_depth"", ""validation.0.metrics.slack_ns"", ""validation.0.frequency_feasible""]","[{""layer"": ""compiler"", ""field"": ""queue_depth"", ""operation"": ""set"", ""value"": 2, ""expected_effect"": ""Adding a 2-entry queue will buffer memory requests, reducing PE stalls caused by high load imbalance and memory contention. This is expected to decrease memory_slowdown, leading to lower overall cycles, seconds, and energy_j."", ""risk"": ""The additional queue logic will slightly increase area and power. It may also increase the critical path length, but the observed slack of 0.4585 ns in the relevant scheduler component suggests this is a low risk for the target frequency.""}]",,"{""state"": ""shadow_not_applied""}"
main32_shadow_s1,6b8dfbfd0817e53883350ffee4132c2515bee6d4b9402d6990636104959b6e14,repair,continue,"The parent point failed independent validation for its scheduler component, which could not meet the 350 MHz target frequency. The validation report shows a negative slack of -0.0624 ns and an achievable frequency of only 342.5 MHz. The current configuration uses a queue_depth of 4, which likely contributes to a complex critical path. I propose reducing the queue_depth to 2. This is a targeted cha","[""history.3.violations"", ""validation.0.frequency_feasible"", ""validation.0.metrics.slack_ns"", ""validation.0.metrics.max_frequency_mhz"", ""constraints.target_mhz""]","[{""layer"": ""compiler"", ""field"": ""queue_depth"", ""operation"": ""set"", ""value"": 2, ""expected_effect"": ""The reduced queue depth will simplify the scheduler logic, decrease its critical path delay, and allow the design to meet the 350 MHz frequency target, resulting in a feasible point."", ""risk"": ""Reducing queue depth may decrease buffering capability, potentially increasing stalls and overall cycle count if the timing fix is successful. However, this is a necessary trade-off to achieve feasibility.""}]",,"{""state"": ""shadow_not_applied""}"
main32_shadow_s1,455d8a424633aa1773cffa5e887e63b09a85ef6564dffaeee01386daeea7b861,repair,continue,"The parent point failed independent scheduler validation due to a negative timing slack. The validation report shows a critical path of 2.8837 ns, which exceeds the target 2.857 ns period for 350 MHz. This timing failure is correlated with the current `queue_depth` of 4. I propose reducing the `queue_depth` to 2, which is an available option in the domain. This change is expected to simplify the s","[""history.4.violations"", ""validation.0.frequency_feasible"", ""validation.0.metrics.critical_path_ns"", ""validation.0.metrics.sta_period_ns"", ""validation.0.metrics.slack_ns"", ""domains.queue_depth""]","[{""layer"": ""compiler"", ""field"": ""queue_depth"", ""operation"": ""set"", ""value"": 2, ""expected_effect"": ""The independent scheduler validation will pass with frequency_feasible=true and a non-negative slack, as the reduced queue depth is expected to shorten the critical path below the target 2.857 ns clock period."", ""risk"": ""A shallower queue may increase stalls, potentially increasing the overall cycle count and memory_slowdown compared to the parent point, leading to a worse (seconds, energy) trade-off even if the point becomes feasible.""}]",,"{""state"": ""shadow_not_applied""}"
main32_no_independent_s1,697cb7d00a5efca4203692a937a3b46d92c3e50e52f00778d677d50a0c293da4,repair,continue,"The parent configuration exhibits a memory bottleneck, evidenced by a `memory_slowdown` of 1.133, indicating that compute units are stalled waiting for data. This is likely exacerbated by the high `load_imbalance` of 2.97 shown in the kernel profile. The current hardware uses a large tile size (`tile_q`=64), which can lead to poor work distribution with sparse kernels. I propose reducing `tile_q` ","[""history.0.metrics.memory_slowdown"", ""kernel.profile.load_imbalance"", ""history.0.point.tile_q""]","[{""layer"": ""compiler"", ""field"": ""tile_q"", ""operation"": ""set"", ""value"": 32, ""expected_effect"": ""Reducing tile size from 64 to 32 may improve load balancing for this sparse kernel, potentially reducing the `memory_slowdown` from 1.133. This could lower overall cycles and thus improve the `seconds` and `energy_j` Pareto point."", ""risk"": ""The change reduces data reuse, which could increase total memory traffic. If the bottleneck is raw bandwidth rather than load imbalance, this could worsen the `memory_slowdown` and increase latency and energy.""}]",,"{""state"": ""evaluated"", ""before"": {""tile_q"": 64, ""tile_k"": 64, ""tile_d"": 64, ""parallelism"": 16, ""double_buffer"": true, ""num_rows"": 32, ""pe_per_row"": 8, ""reg_width"": 32, ""data_width"": 16, ""sram_bytes"": 262144, ""queue_depth"": 4, ""divider_stages"": 12, ""bank_count"": 32}, ""after"": {""tile_q"": 32, ""tile_k"": 64, ""tile_d"": 64, ""parallelism"": 16, ""double_buffer"": true, ""num_rows"": 32, ""pe_per_row"": 8, ""reg_width"": 32, ""data_width"": 16, ""sram_bytes"": 262144, ""queue_depth"": 4, ""divider_stages"": 12, ""bank_count"": 32}, ""feasible"": true, ""metrics"": {""cycles"": 24317.538351446306, ""compute_cycles"": 21462.964123077058, ""memory_slowdown"": 1.133, ""memory_slowdown_source"": ""measured:xm"", ""clock_period_ns"": 2.76, ""max_frequency_mhz"": 362.3188405797102, ""seconds"": 6.711640584999181e-05, ""pe_utilization"": 0.9176430492456304, ""throughput"": 7628537.218520656, ""dram_bytes"": 13412708.545454545, ""area"": 3071032.5616, ""power"": 781.641314087401, ""energy_j"": 5.2460955665410925e-05, ""energy_efficiency_tasks_per_j"": 19061.79533552283, ""energy_scope"": ""partial-model:execute-array-dynamic+sram-leakage"", ""edp"": 3.5209907917181466e-09}, ""violations"": [], ""model_frontier_extended"": true, ""independent_improvement"": null, ""independent_module_verified"": false, ""independent_observations"": [{""design_id"": ""01de31ddb9e2a65e8ed2df59b37b0e7d2878a79d9336e7e91bbaaf3aef24799c"", ""scope"": ""BlockScheduler, 32 rows x 8 PE, M=32; not full attention"", ""function_passed"": true, ""frequency_feasible"": false, ""metrics"": {""queue_depth"": 4.0, ""rows"": 32.0, ""pe"": 8.0, ""imbalance"": 1.329141, ""row_util"": 0.874277, ""pe_util"": 0.874277, ""cycles"": 216.0, ""area_um2"": 69011.04, ""cells"": 26958.0, ""estimated_power_mw"": 13.31611, ""assumed_activity"": 0.0213, ""critical_path_ns"": 3.051, ""sta_period_ns"": 2.857142857142857, ""slack_ns"": -0.2286, ""max_frequency_mhz"": 324.07107341598686}, ""latency_s"": null, ""identity_ok"": true, ""complete_captured_task"": true, ""sources_unchanged"": true, ""frequency_matches"": true, ""source"": {""model"": ""TinyLlama/TinyLlama-1.1B-intermediate-step-1431k-3T"", ""dataset"": ""wiki"", ""layer"": 10, ""seq_len"": 512, ""seed"": 20260903, ""head"": 0, ""token_sha256"": ""72f72a42f8d647ef0db223e6b033d5cb32edc2e9cf91a95cf93eafe6710422e6""}, ""log_uri"": ""/scratch/gz2522/gz2522/tmp/micro-hackthon/runs/critic_ablation_20260911/runs/main32_no_independent_s1/01de31ddb9e2a65e8ed2df59b37b0e7d2878a79d9336e7e91bbaaf3aef24799c/rtl/validation.json""}], ""independent_constraint_recovered"": false, ""independent_energy_improvement"": null, ""independent_scope"": ""scheduler only; constraint recovery is not a whole-task Pareto gain""}"
main32_no_independent_s1,0dd0d8629b6b37949795aa045759877012778a6d43edbfb978636b2407f201d5,repair,continue,"The history shows that changing tile_q from 64 to 32 had no effect on any reported metric, suggesting a potential issue with the model's sensitivity or that the change was not impactful. This provides little guidance for further tile size exploration. Instead, I will target a parameter that seems mismatched: reg_width is 32 while data_width is 16. Reducing reg_width to 16 should reduce area and po","[""history.0.point.tile_q"", ""history.1.point.tile_q"", ""history.0.metrics.seconds"", ""history.1.metrics.seconds"", ""history.0.metrics.energy_j"", ""history.1.metrics.energy_j"", ""parent_point.reg_width"", ""parent_point.data_width""]","[{""layer"": ""compiler"", ""field"": ""reg_width"", ""operation"": ""set"", ""value"": 16, ""expected_effect"": ""Reduce area and power by matching register width to data width. This should lead to lower energy_j. The impact on cycles and frequency is expected to be small."", ""risk"": ""A reg_width of 16 might be insufficient for intermediate calculations not visible to the model, potentially increasing cycle count or causing timing degradation.""}]",,"{""state"": ""evaluated"", ""before"": {""tile_q"": 32, ""tile_k"": 64, ""tile_d"": 64, ""parallelism"": 16, ""double_buffer"": true, ""num_rows"": 32, ""pe_per_row"": 8, ""reg_width"": 32, ""data_width"": 16, ""sram_bytes"": 262144, ""queue_depth"": 4, ""divider_stages"": 12, ""bank_count"": 32}, ""after"": {""tile_q"": 32, ""tile_k"": 64, ""tile_d"": 64, ""parallelism"": 16, ""double_buffer"": true, ""num_rows"": 32, ""pe_per_row"": 8, ""reg_width"": 16, ""data_width"": 16, ""sram_bytes"": 262144, ""queue_depth"": 4, ""divider_stages"": 12, ""bank_count"": 32}, ""feasible"": true, ""metrics"": {""cycles"": 24317.538351446306, ""compute_cycles"": 21462.964123077058, ""memory_slowdown"": 1.133, ""memory_slowdown_source"": ""measured:xm"", ""clock_period_ns"": 2.76, ""max_frequency_mhz"": 362.3188405797102, ""seconds"": 6.711640584999181e-05, ""pe_utilization"": 0.9176430492456304, ""throughput"": 7628537.218520656, ""dram_bytes"": 13412708.545454545, ""area"": 3052253.2208, ""power"": 781.641314087401, ""energy_j"": 5.2460955665410925e-05, ""energy_efficiency_tasks_per_j"": 19061.79533552283, ""energy_scope"": ""partial-model:execute-array-dynamic+sram-leakage"", ""edp"": 3.5209907917181466e-09}, ""violations"": [], ""model_frontier_extended"": true, ""independent_improvement"": null, ""independent_module_verified"": false, ""independent_observations"": [{""design_id"": ""dd1877257aed23822cb1b6116caaca4450052242a388b393a56633fb6fee1ebe"", ""scope"": ""BlockScheduler, 32 rows x 8 PE, M=32; not full attention"", ""function_passed"": true, ""frequency_feasible"": false, ""metrics"": {""queue_depth"": 4.0, ""rows"": 32.0, ""pe"": 8.0, ""imbalance"": 1.329141, ""row_util"": 0.874277, ""pe_util"": 0.874277, ""cycles"": 216.0, ""area_um2"": 69011.04, ""cells"": 26958.0, ""estimated_power_mw"": 13.31611, ""assumed_activity"": 0.0213, ""critical_path_ns"": 3.051, ""sta_period_ns"": 2.857142857142857, ""slack_ns"": -0.2286, ""max_frequency_mhz"": 324.07107341598686}, ""latency_s"": null, ""identity_ok"": true, ""complete_captured_task"": true, ""sources_unchanged"": true, ""frequency_matches"": true, ""source"": {""model"": ""TinyLlama/TinyLlama-1.1B-intermediate-step-1431k-3T"", ""dataset"": ""wiki"", ""layer"": 10, ""seq_len"": 512, ""seed"": 20260903, ""head"": 0, ""token_sha256"": ""72f72a42f8d647ef0db223e6b033d5cb32edc2e9cf91a95cf93eafe6710422e6""}, ""log_uri"": ""/scratch/gz2522/gz2522/tmp/micro-hackthon/runs/critic_ablation_20260911/runs/main32_no_independent_s1/dd1877257aed23822cb1b6116caaca4450052242a388b393a56633fb6fee1ebe/rtl/validation.json""}], ""independent_constraint_recovered"": false, ""independent_energy_improvement"": null, ""independent_scope"": ""scheduler only; constraint recovery is not a whole-task Pareto gain""}"
main32_no_independent_s1,acbfee6ade9026ab1e09b10c26fdf3336c4ee0f5118329a8636d26b8c6d6f3a5,repair,continue,"The parent point is feasible and was the result of a Pareto-improving change that reduced area by changing reg_width from 32 to 16 with no performance impact. To seek further Pareto improvements on the (seconds, energy_j) frontier, I will target a microarchitectural parameter that may be over-provisioned. The command queue depth is currently at its maximum value of 4. Reducing the queue depth can ","[""history.2.point.queue_depth"", ""domains.queue_depth"", ""history.2.metrics.seconds"", ""history.2.metrics.energy_j"", ""history.2.feasible""]","[{""layer"": ""compiler"", ""field"": ""queue_depth"", ""operation"": ""set"", ""value"": 2, ""expected_effect"": ""Reduce area and static power. If the queue was over-provisioned, this may reduce total energy with a minimal or no increase in execution time (seconds)."", ""risk"": ""If the queue depth of 4 was critical for hiding memory or pipeline latencies, reducing it to 2 may cause stalls, increasing cycles and overall execution time.""}]",,"{""state"": ""evaluated"", ""before"": {""tile_q"": 32, ""tile_k"": 64, ""tile_d"": 64, ""parallelism"": 16, ""double_buffer"": true, ""num_rows"": 32, ""pe_per_row"": 8, ""reg_width"": 16, ""data_width"": 16, ""sram_bytes"": 262144, ""queue_depth"": 4, ""divider_stages"": 12, ""bank_count"": 32}, ""after"": {""tile_q"": 32, ""tile_k"": 64, ""tile_d"": 64, ""parallelism"": 16, ""double_buffer"": true, ""num_rows"": 32, ""pe_per_row"": 8, ""reg_width"": 16, ""data_width"": 16, ""sram_bytes"": 262144, ""queue_depth"": 2, ""divider_stages"": 12, ""bank_count"": 32}, ""feasible"": true, ""metrics"": {""cycles"": 25652.68389043134, ""compute_cycles"": 22641.380309295095, ""memory_slowdown"": 1.133, ""memory_slowdown_source"": ""measured:xm"", ""clock_period_ns"": 2.528, ""max_frequency_mhz"": 395.56962025316454, ""seconds"": 6.484998487501043e-05, ""pe_utilization"": 0.8698824707106907, ""throughput"": 7895144.478241756, ""dram_bytes"": 13412708.545454545, ""area"": 3019384.6207999997, ""power"": 743.6162518810235, ""energy_j"": 4.822350268729632e-05, ""energy_efficiency_tasks_per_j"": 20736.776556536475, ""energy_scope"": ""partial-model:execute-array-dynamic+sram-leakage"", ""edp"": 3.1272934198911912e-09}, ""violations"": [], ""model_frontier_extended"": true, ""independent_improvement"": null, ""independent_module_verified"": false, ""independent_observations"": [{""design_id"": ""91fb75037fd9024e5fcc1df546b7036bbcbb58bf6315e6254728f6406e3e637d"", ""scope"": ""BlockScheduler, 32 rows x 8 PE, M=32; not full attention"", ""function_passed"": true, ""frequency_feasible"": false, ""metrics"": {""queue_depth"": 2.0, ""rows"": 32.0, ""pe"": 8.0, ""imbalance"": 1.329141, ""row_util"": 0.858381, ""pe_util"": 0.858381, ""cycles"": 220.0, ""area_um2"": 41951.658, ""cells"": 16832.0, ""estimated_power_mw"": 8.168453000000001, ""assumed_activity"": 0.0213, ""critical_path_ns"": 2.8915, ""sta_period_ns"": 2.857142857142857, ""slack_ns"": -0.0701, ""max_frequency_mhz"": 341.6183927342648}, ""latency_s"": null, ""identity_ok"": true, ""complete_captured_task"": true, ""sources_unchanged"": true, ""frequency_matches"": true, ""source"": {""model"": ""TinyLlama/TinyLlama-1.1B-intermediate-step-1431k-3T"", ""dataset"": ""wiki"", ""layer"": 10, ""seq_len"": 512, ""seed"": 20260903, ""head"": 0, ""token_sha256"": ""72f72a42f8d647ef0db223e6b033d5cb32edc2e9cf91a95cf93eafe6710422e6""}, ""log_uri"": ""/scratch/gz2522/gz2522/tmp/micro-hackthon/runs/critic_ablation_20260911/runs/main32_no_independent_s1/91fb75037fd9024e5fcc1df546b7036bbcbb58bf6315e6254728f6406e3e637d/rtl/validation.json""}], ""independent_constraint_recovered"": false, ""independent_energy_improvement"": null, ""independent_scope"": ""scheduler only; constraint recovery is not a whole-task Pareto gain""}"
main32_no_independent_s1,e992d55d9af2b14409ebea83d914cde3f636998019df2178104341f3375ab91a,repair,continue,"Comparing history points 2 and 3 shows that decreasing `queue_depth` from 4 to 2 improved performance. Specifically, `seconds` dropped from 6.71e-05 to 6.48e-05 and `energy_j` from 5.24e-05 to 4.82e-05. This was because the increase in `max_frequency_mhz` (from 362 to 395) more than compensated for the slight increase in total cycles. Based on this trend, I propose setting `queue_depth` to 0, the ","[""history.2.point.queue_depth"", ""history.2.metrics.seconds"", ""history.2.metrics.energy_j"", ""history.2.metrics.max_frequency_mhz"", ""history.3.point.queue_depth"", ""history.3.metrics.seconds"", ""history.3.metrics.energy_j"", ""history.3.metrics.max_frequency_mhz""]","[{""layer"": ""compiler"", ""field"": ""queue_depth"", ""operation"": ""set"", ""value"": 0, ""expected_effect"": ""Reduces area and improves max_frequency. If the frequency gain outweighs any potential increase in cycle count from stalls, this will lead to lower latency (seconds) and energy."", ""risk"": ""Removing the queue entirely may increase pipeline stalls, increasing the cycle count so much that it negates the frequency improvement and results in worse latency and energy.""}]",,"{""state"": ""evaluated"", ""before"": {""tile_q"": 32, ""tile_k"": 64, ""tile_d"": 64, ""parallelism"": 16, ""double_buffer"": true, ""num_rows"": 32, ""pe_per_row"": 8, ""reg_width"": 16, ""data_width"": 16, ""sram_bytes"": 262144, ""queue_depth"": 2, ""divider_stages"": 12, ""bank_count"": 32}, ""after"": {""tile_q"": 32, ""tile_k"": 64, ""tile_d"": 64, ""parallelism"": 16, ""double_buffer"": true, ""num_rows"": 32, ""pe_per_row"": 8, ""reg_width"": 16, ""data_width"": 16, ""sram_bytes"": 262144, ""queue_depth"": 0, ""divider_stages"": 12, ""bank_count"": 32}, ""feasible"": true, ""metrics"": {""cycles"": 32328.41158535653, ""compute_cycles"": 28533.461240385288, ""memory_slowdown"": 1.133, ""memory_slowdown_source"": ""measured:xm"", ""clock_period_ns"": 2.273, ""max_frequency_mhz"": 439.94720633523974, ""seconds"": 7.348247953351541e-05, ""pe_utilization"": 0.690254143295938, ""throughput"": 6967647.298380514, ""dram_bytes"": 13412708.545454545, ""area"": 2984399.2208, ""power"": 600.603362726494, ""energy_j"": 4.413382430931012e-05, ""energy_efficiency_tasks_per_j"": 22658.358201445233, ""energy_scope"": ""partial-model:execute-array-dynamic+sram-leakage"", ""edp"": 3.2430628415446456e-09}, ""violations"": [], ""model_frontier_extended"": true, ""independent_improvement"": null, ""independent_module_verified"": true, ""independent_observations"": [{""design_id"": ""73eabc870a1b0e14b8075e6a3a0a2a2f67e40c8305f13f7b97de5d678b63831e"", ""scope"": ""BlockScheduler, 32 rows x 8 PE, M=32; not full attention"", ""function_passed"": true, ""frequency_feasible"": true, ""metrics"": {""queue_depth"": 0.0, ""rows"": 32.0, ""pe"": 8.0, ""imbalance"": 1.329141, ""row_util"": 0.752366, ""pe_util"": 0.752366, ""cycles"": 251.0, ""area_um2"": 13940.262, ""cells"": 6152.0, ""estimated_power_mw"": 2.799779, ""assumed_activity"": 0.0213, ""critical_path_ns"": 2.4835, ""sta_period_ns"": 2.857142857142857, ""slack_ns"": 0.3378, ""max_frequency_mhz"": 396.92890436281573}, ""latency_s"": 7.171428571428571e-07, ""identity_ok"": true, ""complete_captured_task"": true, ""sources_unchanged"": true, ""frequency_matches"": true, ""source"": {""model"": ""TinyLlama/TinyLlama-1.1B-intermediate-step-1431k-3T"", ""dataset"": ""wiki"", ""layer"": 10, ""seq_len"": 512, ""seed"": 20260903, ""head"": 0, ""token_sha256"": ""72f72a42f8d647ef0db223e6b033d5cb32edc2e9cf91a95cf93eafe6710422e6""}, ""log_uri"": ""/scratch/gz2522/gz2522/tmp/micro-hackthon/runs/critic_ablation_20260911/runs/main32_no_independent_s1/73eabc870a1b0e14b8075e6a3a0a2a2f67e40c8305f13f7b97de5d678b63831e/rtl/validation.json""}], ""independent_constraint_recovered"": true, ""independent_energy_improvement"": null, ""independent_scope"": ""scheduler only; constraint recovery is not a whole-task Pareto gain""}"
main32_no_independent_s1,d9b7fbf0152482c27e10b9a876a85105ff50390a4fe0833706934f8293eb18c1,repair,continue,"The parent point (history.4) exhibits very low PE utilization (0.69) and a high cycle count (32328), resulting in poor latency despite high frequency. The root cause is `queue_depth=0`, which starves the processing elements of data. The history (history.3) clearly shows that increasing `queue_depth` to 2 provides a significant latency improvement. However, proposing this change is disallowed as th","[""history.4.metrics.pe_utilization"", ""history.4.metrics.cycles"", ""history.4.point.queue_depth"", ""kernel.profile.load_imbalance"", ""history.3.metrics.seconds"", ""history.3.point.queue_depth""]","[{""layer"": ""compiler"", ""field"": ""tile_k"", ""operation"": ""set"", ""value"": 32, ""expected_effect"": ""Reducing tile_k from 64 to 32 may improve load balancing for the sparse workload, leading to higher PE utilization and a lower cycle count. This could improve the (seconds, energy_j) Pareto point."", ""risk"": ""Finer-grained tiling can increase overhead and reduce arithmetic intensity, which could negate any gains from better load balancing and potentially worsen performance.""}]",,"{""state"": ""evaluated"", ""before"": {""tile_q"": 32, ""tile_k"": 64, ""tile_d"": 64, ""parallelism"": 16, ""double_buffer"": true, ""num_rows"": 32, ""pe_per_row"": 8, ""reg_width"": 16, ""data_width"": 16, ""sram_bytes"": 262144, ""queue_depth"": 0, ""divider_stages"": 12, ""bank_count"": 32}, ""after"": {""tile_q"": 32, ""tile_k"": 32, ""tile_d"": 64, ""parallelism"": 16, ""double_buffer"": true, ""num_rows"": 32, ""pe_per_row"": 8, ""reg_width"": 16, ""data_width"": 16, ""sram_bytes"": 262144, ""queue_depth"": 0, ""divider_stages"": 12, ""bank_count"": 32}, ""feasible"": true, ""metrics"": {""cycles"": 32328.41158535653, ""compute_cycles"": 28533.461240385288, ""memory_slowdown"": 1.133, ""memory_slowdown_source"": ""measured:xm"", ""clock_period_ns"": 2.273, ""max_frequency_mhz"": 439.94720633523974, ""seconds"": 7.348247953351541e-05, ""pe_utilization"": 0.690254143295938, ""throughput"": 6967647.298380514, ""dram_bytes"": 13412708.545454545, ""area"": 2984399.2208, ""power"": 600.603362726494, ""energy_j"": 4.413382430931012e-05, ""energy_efficiency_tasks_per_j"": 22658.358201445233, ""energy_scope"": ""partial-model:execute-array-dynamic+sram-leakage"", ""edp"": 3.2430628415446456e-09}, ""violations"": [], ""model_frontier_extended"": false, ""independent_improvement"": null, ""independent_module_verified"": true, ""independent_observations"": [{""design_id"": ""547403b30fa643f6d6c3b5fa1523d8ede5b3d62ce255f69ddd6d95f2d822e244"", ""scope"": ""BlockScheduler, 32 rows x 8 PE, M=32; not full attention"", ""function_passed"": true, ""frequency_feasible"": true, ""metrics"": {""queue_depth"": 0.0, ""rows"": 32.0, ""pe"": 8.0, ""imbalance"": 1.329141, ""row_util"": 0.752366, ""pe_util"": 0.752366, ""cycles"": 251.0, ""area_um2"": 13940.262, ""cells"": 6152.0, ""estimated_power_mw"": 2.799779, ""assumed_activity"": 0.0213, ""critical_path_ns"": 2.4835, ""sta_period_ns"": 2.857142857142857, ""slack_ns"": 0.3378, ""max_frequency_mhz"": 396.92890436281573}, ""latency_s"": 7.171428571428571e-07, ""identity_ok"": true, ""complete_captured_task"": true, ""sources_unchanged"": true, ""frequency_matches"": true, ""source"": {""model"": ""TinyLlama/TinyLlama-1.1B-intermediate-step-1431k-3T"", ""dataset"": ""wiki"", ""layer"": 10, ""seq_len"": 512, ""seed"": 20260903, ""head"": 0, ""token_sha256"": ""72f72a42f8d647ef0db223e6b033d5cb32edc2e9cf91a95cf93eafe6710422e6""}, ""log_uri"": ""/scratch/gz2522/gz2522/tmp/micro-hackthon/runs/critic_ablation_20260911/runs/main32_no_independent_s1/547403b30fa643f6d6c3b5fa1523d8ede5b3d62ce255f69ddd6d95f2d822e244/rtl/validation.json""}], ""independent_constraint_recovered"": false, ""independent_energy_improvement"": null, ""independent_scope"": ""scheduler only; constraint recovery is not a whole-task Pareto gain""}"
main32_local_random_s1,39e0ffefc4c6dd97d4d2b12622c40892b48f1d420a7477b059c3aca1d59880f4,repair,continue,Uniform random untried single-field intervention; no diagnosis,"[""domains"", ""parent_point""]","[{""layer"": ""compiler"", ""field"": ""parallelism"", ""operation"": ""set"", ""value"": 8, ""expected_effect"": ""measure the outcome of this local random control"", ""risk"": ""may worsen or fail constraints""}]",,"{""state"": ""evaluated"", ""before"": {""tile_q"": 64, ""tile_k"": 64, ""tile_d"": 64, ""parallelism"": 16, ""double_buffer"": true, ""num_rows"": 32, ""pe_per_row"": 8, ""reg_width"": 32, ""data_width"": 16, ""sram_bytes"": 262144, ""queue_depth"": 4, ""divider_stages"": 12, ""bank_count"": 32}, ""after"": {""tile_q"": 64, ""tile_k"": 64, ""tile_d"": 64, ""parallelism"": 8, ""double_buffer"": true, ""num_rows"": 32, ""pe_per_row"": 8, ""reg_width"": 32, ""data_width"": 16, ""sram_bytes"": 262144, ""queue_depth"": 4, ""divider_stages"": 12, ""bank_count"": 32}, ""feasible"": true, ""metrics"": {""cycles"": 24317.538351446306, ""compute_cycles"": 21462.964123077058, ""memory_slowdown"": 1.133, ""memory_slowdown_source"": ""measured:xm"", ""clock_period_ns"": 2.76, ""max_frequency_mhz"": 362.3188405797102, ""seconds"": 6.711640584999181e-05, ""pe_utilization"": 0.9176430492456304, ""throughput"": 7628537.218520656, ""dram_bytes"": 13412708.545454545, ""area"": 3071032.5616, ""power"": 781.641314087401, ""energy_j"": 5.2460955665410925e-05, ""energy_efficiency_tasks_per_j"": 19061.79533552283, ""energy_scope"": ""partial-model:execute-array-dynamic+sram-leakage"", ""edp"": 3.5209907917181466e-09}, ""violations"": [], ""model_frontier_extended"": true, ""independent_improvement"": null, ""independent_module_verified"": false, ""independent_observations"": [{""design_id"": ""22c7b4facbf3a6eef3603d64f0dba0ecd61908a5878e2788b5d4f8e9ea87c7a0"", ""scope"": ""BlockScheduler, 32 rows x 8 PE, M=32; not full attention"", ""function_passed"": true, ""frequency_feasible"": false, ""metrics"": {""queue_depth"": 4.0, ""rows"": 32.0, ""pe"": 8.0, ""imbalance"": 1.329141, ""row_util"": 0.874277, ""pe_util"": 0.874277, ""cycles"": 216.0, ""area_um2"": 69011.04, ""cells"": 26958.0, ""estimated_power_mw"": 13.31611, ""assumed_activity"": 0.0213, ""critical_path_ns"": 3.051, ""sta_period_ns"": 2.857142857142857, ""slack_ns"": -0.2286, ""max_frequency_mhz"": 324.07107341598686}, ""latency_s"": null, ""identity_ok"": true, ""complete_captured_task"": true, ""sources_unchanged"": true, ""frequency_matches"": true, ""source"": {""model"": ""TinyLlama/TinyLlama-1.1B-intermediate-step-1431k-3T"", ""dataset"": ""wiki"", ""layer"": 10, ""seq_len"": 512, ""seed"": 20260903, ""head"": 0, ""token_sha256"": ""72f72a42f8d647ef0db223e6b033d5cb32edc2e9cf91a95cf93eafe6710422e6""}, ""log_uri"": ""/scratch/gz2522/gz2522/tmp/micro-hackthon/runs/critic_ablation_20260911/runs/main32_local_random_s1/22c7b4facbf3a6eef3603d64f0dba0ecd61908a5878e2788b5d4f8e9ea87c7a0/rtl/validation.json""}], ""independent_constraint_recovered"": false, ""independent_energy_improvement"": null, ""independent_scope"": ""scheduler only; constraint recovery is not a whole-task Pareto gain""}"
main32_local_random_s1,8c41bb11da2a53f12e6976f95801112091937c99c5a86f08bdd05e74fe75e89f,repair,continue,Uniform random untried single-field intervention; no diagnosis,"[""domains"", ""parent_point""]","[{""layer"": ""compiler"", ""field"": ""tile_d"", ""operation"": ""set"", ""value"": 32, ""expected_effect"": ""measure the outcome of this local random control"", ""risk"": ""may worsen or fail constraints""}]",,"{""state"": ""evaluated"", ""before"": {""tile_q"": 64, ""tile_k"": 64, ""tile_d"": 64, ""parallelism"": 8, ""double_buffer"": true, ""num_rows"": 32, ""pe_per_row"": 8, ""reg_width"": 32, ""data_width"": 16, ""sram_bytes"": 262144, ""queue_depth"": 4, ""divider_stages"": 12, ""bank_count"": 32}, ""after"": {""tile_q"": 64, ""tile_k"": 64, ""tile_d"": 32, ""parallelism"": 8, ""double_buffer"": true, ""num_rows"": 32, ""pe_per_row"": 8, ""reg_width"": 32, ""data_width"": 16, ""sram_bytes"": 262144, ""queue_depth"": 4, ""divider_stages"": 12, ""bank_count"": 32}, ""feasible"": true, ""metrics"": {""cycles"": 24317.538351446306, ""compute_cycles"": 21462.964123077058, ""memory_slowdown"": 1.133, ""memory_slowdown_source"": ""measured:xm"", ""clock_period_ns"": 2.76, ""max_frequency_mhz"": 362.3188405797102, ""seconds"": 6.711640584999181e-05, ""pe_utilization"": 0.9176430492456304, ""throughput"": 7628537.218520656, ""dram_bytes"": 13412708.545454545, ""area"": 3071032.5616, ""power"": 781.641314087401, ""energy_j"": 5.2460955665410925e-05, ""energy_efficiency_tasks_per_j"": 19061.79533552283, ""energy_scope"": ""partial-model:execute-array-dynamic+sram-leakage"", ""edp"": 3.5209907917181466e-09}, ""violations"": [], ""model_frontier_extended"": true, ""independent_improvement"": null, ""independent_module_verified"": false, ""independent_observations"": [{""design_id"": ""32c018e115bcea4f533724bad4fcd8475c5a7505d16e82919bbd02c1028187a4"", ""scope"": ""BlockScheduler, 32 rows x 8 PE, M=32; not full attention"", ""function_passed"": true, ""frequency_feasible"": false, ""metrics"": {""queue_depth"": 4.0, ""rows"": 32.0, ""pe"": 8.0, ""imbalance"": 1.329141, ""row_util"": 0.874277, ""pe_util"": 0.874277, ""cycles"": 216.0, ""area_um2"": 69011.04, ""cells"": 26958.0, ""estimated_power_mw"": 13.31611, ""assumed_activity"": 0.0213, ""critical_path_ns"": 3.051, ""sta_period_ns"": 2.857142857142857, ""slack_ns"": -0.2286, ""max_frequency_mhz"": 324.07107341598686}, ""latency_s"": null, ""identity_ok"": true, ""complete_captured_task"": true, ""sources_unchanged"": true, ""frequency_matches"": true, ""source"": {""model"": ""TinyLlama/TinyLlama-1.1B-intermediate-step-1431k-3T"", ""dataset"": ""wiki"", ""layer"": 10, ""seq_len"": 512, ""seed"": 20260903, ""head"": 0, ""token_sha256"": ""72f72a42f8d647ef0db223e6b033d5cb32edc2e9cf91a95cf93eafe6710422e6""}, ""log_uri"": ""/scratch/gz2522/gz2522/tmp/micro-hackthon/runs/critic_ablation_20260911/runs/main32_local_random_s1/32c018e115bcea4f533724bad4fcd8475c5a7505d16e82919bbd02c1028187a4/rtl/validation.json""}], ""independent_constraint_recovered"": false, ""independent_energy_improvement"": null, ""independent_scope"": ""scheduler only; constraint recovery is not a whole-task Pareto gain""}"
main32_local_random_s1,9502c984b97e75efc00242c9ee18fc02cdc552ab7c342355490609f56a34e80d,repair,continue,Uniform random untried single-field intervention; no diagnosis,"[""domains"", ""parent_point""]","[{""layer"": ""compiler"", ""field"": ""queue_depth"", ""operation"": ""set"", ""value"": 0, ""expected_effect"": ""measure the outcome of this local random control"", ""risk"": ""may worsen or fail constraints""}]",,"{""state"": ""evaluated"", ""before"": {""tile_q"": 64, ""tile_k"": 64, ""tile_d"": 32, ""parallelism"": 8, ""double_buffer"": true, ""num_rows"": 32, ""pe_per_row"": 8, ""reg_width"": 32, ""data_width"": 16, ""sram_bytes"": 262144, ""queue_depth"": 4, ""divider_stages"": 12, ""bank_count"": 32}, ""after"": {""tile_q"": 64, ""tile_k"": 64, ""tile_d"": 32, ""parallelism"": 8, ""double_buffer"": true, ""num_rows"": 32, ""pe_per_row"": 8, ""reg_width"": 32, ""data_width"": 16, ""sram_bytes"": 262144, ""queue_depth"": 0, ""divider_stages"": 12, ""bank_count"": 32}, ""feasible"": true, ""metrics"": {""cycles"": 32328.41158535653, ""compute_cycles"": 28533.461240385288, ""memory_slowdown"": 1.133, ""memory_slowdown_source"": ""measured:xm"", ""clock_period_ns"": 2.273, ""max_frequency_mhz"": 439.94720633523974, ""seconds"": 7.348247953351541e-05, ""pe_utilization"": 0.690254143295938, ""throughput"": 6967647.298380514, ""dram_bytes"": 13412708.545454545, ""area"": 3003178.5616, ""power"": 600.603362726494, ""energy_j"": 4.413382430931012e-05, ""energy_efficiency_tasks_per_j"": 22658.358201445233, ""energy_scope"": ""partial-model:execute-array-dynamic+sram-leakage"", ""edp"": 3.2430628415446456e-09}, ""violations"": [], ""model_frontier_extended"": true, ""independent_improvement"": null, ""independent_module_verified"": true, ""independent_observations"": [{""design_id"": ""a89ddbdce6bf7def460f3eafeb99080369bb52e07a99fcb6267e3bef47728d1f"", ""scope"": ""BlockScheduler, 32 rows x 8 PE, M=32; not full attention"", ""function_passed"": true, ""frequency_feasible"": true, ""metrics"": {""queue_depth"": 0.0, ""rows"": 32.0, ""pe"": 8.0, ""imbalance"": 1.329141, ""row_util"": 0.752366, ""pe_util"": 0.752366, ""cycles"": 251.0, ""area_um2"": 13940.262, ""cells"": 6152.0, ""estimated_power_mw"": 2.799779, ""assumed_activity"": 0.0213, ""critical_path_ns"": 2.4835, ""sta_period_ns"": 2.857142857142857, ""slack_ns"": 0.3378, ""max_frequency_mhz"": 396.92890436281573}, ""latency_s"": 7.171428571428571e-07, ""identity_ok"": true, ""complete_captured_task"": true, ""sources_unchanged"": true, ""frequency_matches"": true, ""source"": {""model"": ""TinyLlama/TinyLlama-1.1B-intermediate-step-1431k-3T"", ""dataset"": ""wiki"", ""layer"": 10, ""seq_len"": 512, ""seed"": 20260903, ""head"": 0, ""token_sha256"": ""72f72a42f8d647ef0db223e6b033d5cb32edc2e9cf91a95cf93eafe6710422e6""}, ""log_uri"": ""/scratch/gz2522/gz2522/tmp/micro-hackthon/runs/critic_ablation_20260911/runs/main32_local_random_s1/a89ddbdce6bf7def460f3eafeb99080369bb52e07a99fcb6267e3bef47728d1f/rtl/validation.json""}], ""independent_constraint_recovered"": true, ""independent_energy_improvement"": null, ""independent_scope"": ""scheduler only; constraint recovery is not a whole-task Pareto gain""}"
main32_local_random_s1,c858df33b3a957c0b9c51be306fac435706de80f64039de76c2ab9483f1a4d3f,repair,continue,Uniform random untried single-field intervention; no diagnosis,"[""domains"", ""parent_point""]","[{""layer"": ""compiler"", ""field"": ""parallelism"", ""operation"": ""set"", ""value"": 4, ""expected_effect"": ""measure the outcome of this local random control"", ""risk"": ""may worsen or fail constraints""}]",,"{""state"": ""evaluated"", ""before"": {""tile_q"": 64, ""tile_k"": 64, ""tile_d"": 32, ""parallelism"": 8, ""double_buffer"": true, ""num_rows"": 32, ""pe_per_row"": 8, ""reg_width"": 32, ""data_width"": 16, ""sram_bytes"": 262144, ""queue_depth"": 0, ""divider_stages"": 12, ""bank_count"": 32}, ""after"": {""tile_q"": 64, ""tile_k"": 64, ""tile_d"": 32, ""parallelism"": 4, ""double_buffer"": true, ""num_rows"": 32, ""pe_per_row"": 8, ""reg_width"": 32, ""data_width"": 16, ""sram_bytes"": 262144, ""queue_depth"": 0, ""divider_stages"": 12, ""bank_count"": 32}, ""feasible"": true, ""metrics"": {""cycles"": 32328.41158535653, ""compute_cycles"": 28533.461240385288, ""memory_slowdown"": 1.133, ""memory_slowdown_source"": ""measured:xm"", ""clock_period_ns"": 2.273, ""max_frequency_mhz"": 439.94720633523974, ""seconds"": 7.348247953351541e-05, ""pe_utilization"": 0.690254143295938, ""throughput"": 6967647.298380514, ""dram_bytes"": 13412708.545454545, ""area"": 3003178.5616, ""power"": 600.603362726494, ""energy_j"": 4.413382430931012e-05, ""energy_efficiency_tasks_per_j"": 22658.358201445233, ""energy_scope"": ""partial-model:execute-array-dynamic+sram-leakage"", ""edp"": 3.2430628415446456e-09}, ""violations"": [], ""model_frontier_extended"": false, ""independent_improvement"": null, ""independent_module_verified"": true, ""independent_observations"": [{""design_id"": ""f320d1b7f3b5bccd1cc87164fa103f835f55693539633cdbbbe0cf81d1b6c107"", ""scope"": ""BlockScheduler, 32 rows x 8 PE, M=32; not full attention"", ""function_passed"": true, ""frequency_feasible"": true, ""metrics"": {""queue_depth"": 0.0, ""rows"": 32.0, ""pe"": 8.0, ""imbalance"": 1.329141, ""row_util"": 0.752366, ""pe_util"": 0.752366, ""cycles"": 251.0, ""area_um2"": 13940.262, ""cells"": 6152.0, ""estimated_power_mw"": 2.799779, ""assumed_activity"": 0.0213, ""critical_path_ns"": 2.4835, ""sta_period_ns"": 2.857142857142857, ""slack_ns"": 0.3378, ""max_frequency_mhz"": 396.92890436281573}, ""latency_s"": 7.171428571428571e-07, ""identity_ok"": true, ""complete_captured_task"": true, ""sources_unchanged"": true, ""frequency_matches"": true, ""source"": {""model"": ""TinyLlama/TinyLlama-1.1B-intermediate-step-1431k-3T"", ""dataset"": ""wiki"", ""layer"": 10, ""seq_len"": 512, ""seed"": 20260903, ""head"": 0, ""token_sha256"": ""72f72a42f8d647ef0db223e6b033d5cb32edc2e9cf91a95cf93eafe6710422e6""}, ""log_uri"": ""/scratch/gz2522/gz2522/tmp/micro-hackthon/runs/critic_ablation_20260911/runs/main32_local_random_s1/f320d1b7f3b5bccd1cc87164fa103f835f55693539633cdbbbe0cf81d1b6c107/rtl/validation.json""}], ""independent_constraint_recovered"": false, ""independent_energy_improvement"": null, ""independent_scope"": ""scheduler only; constraint recovery is not a whole-task Pareto gain""}"
main32_local_random_s1,fb3f235133309ed8249b364d2fcaab46fdcda1557b6c1fd94f966b0f45fc849c,repair,continue,Uniform random untried single-field intervention; no diagnosis,"[""domains"", ""parent_point""]","[{""layer"": ""compiler"", ""field"": ""sram_bytes"", ""operation"": ""set"", ""value"": 131072, ""expected_effect"": ""measure the outcome of this local random control"", ""risk"": ""may worsen or fail constraints""}]",,"{""state"": ""evaluated"", ""before"": {""tile_q"": 64, ""tile_k"": 64, ""tile_d"": 32, ""parallelism"": 4, ""double_buffer"": true, ""num_rows"": 32, ""pe_per_row"": 8, ""reg_width"": 32, ""data_width"": 16, ""sram_bytes"": 262144, ""queue_depth"": 0, ""divider_stages"": 12, ""bank_count"": 32}, ""after"": {""tile_q"": 64, ""tile_k"": 64, ""tile_d"": 32, ""parallelism"": 4, ""double_buffer"": true, ""num_rows"": 32, ""pe_per_row"": 8, ""reg_width"": 32, ""data_width"": 16, ""sram_bytes"": 131072, ""queue_depth"": 0, ""divider_stages"": 12, ""bank_count"": 32}, ""feasible"": true, ""metrics"": {""cycles"": 32328.41158535653, ""compute_cycles"": 28533.461240385288, ""memory_slowdown"": 1.133, ""memory_slowdown_source"": ""measured:xm"", ""clock_period_ns"": 2.273, ""max_frequency_mhz"": 439.94720633523974, ""seconds"": 7.348247953351541e-05, ""pe_utilization"": 0.690254143295938, ""throughput"": 6967647.298380514, ""dram_bytes"": 13412708.545454545, ""area"": 2478183.9376000003, ""power"": 575.078050726494, ""energy_j"": 4.225816109268353e-05, ""energy_efficiency_tasks_per_j"": 23664.068055558088, ""energy_scope"": ""partial-model:execute-array-dynamic+sram-leakage"", ""edp"": 3.105234457617115e-09}, ""violations"": [], ""model_frontier_extended"": true, ""independent_improvement"": null, ""independent_module_verified"": true, ""independent_observations"": [{""design_id"": ""bd1612f2b0c420c907d469d3432d365d11427271520837c6b994806ac9ec7aa3"", ""scope"": ""BlockScheduler, 32 rows x 8 PE, M=32; not full attention"", ""function_passed"": true, ""frequency_feasible"": true, ""metrics"": {""queue_depth"": 0.0, ""rows"": 32.0, ""pe"": 8.0, ""imbalance"": 1.329141, ""row_util"": 0.752366, ""pe_util"": 0.752366, ""cycles"": 251.0, ""area_um2"": 13940.262, ""cells"": 6152.0, ""estimated_power_mw"": 2.799779, ""assumed_activity"": 0.0213, ""critical_path_ns"": 2.4835, ""sta_period_ns"": 2.857142857142857, ""slack_ns"": 0.3378, ""max_frequency_mhz"": 396.92890436281573}, ""latency_s"": 7.171428571428571e-07, ""identity_ok"": true, ""complete_captured_task"": true, ""sources_unchanged"": true, ""frequency_matches"": true, ""source"": {""model"": ""TinyLlama/TinyLlama-1.1B-intermediate-step-1431k-3T"", ""dataset"": ""wiki"", ""layer"": 10, ""seq_len"": 512, ""seed"": 20260903, ""head"": 0, ""token_sha256"": ""72f72a42f8d647ef0db223e6b033d5cb32edc2e9cf91a95cf93eafe6710422e6""}, ""log_uri"": ""/scratch/gz2522/gz2522/tmp/micro-hackthon/runs/critic_ablation_20260911/runs/main32_local_random_s1/bd1612f2b0c420c907d469d3432d365d11427271520837c6b994806ac9ec7aa3/rtl/validation.json""}], ""independent_constraint_recovered"": false, ""independent_energy_improvement"": null, ""independent_scope"": ""scheduler only; constraint recovery is not a whole-task Pareto gain""}"
main32_rule_s2,39e0ffefc4c6dd97d4d2b12622c40892b48f1d420a7477b059c3aca1d59880f4,repair,continue,Independent scheduler timing failed; test reduced scheduling fanout,"[""validation""]","[{""layer"": ""compiler"", ""field"": ""queue_depth"", ""operation"": ""set"", ""value"": 2, ""expected_effect"": ""test constraint recovery and latency/energy trade-off; independent evidence is required for acceptance"", ""risk"": ""may worsen another objective or remain infeasible""}]",,"{""state"": ""evaluated"", ""before"": {""tile_q"": 64, ""tile_k"": 64, ""tile_d"": 64, ""parallelism"": 16, ""double_buffer"": true, ""num_rows"": 32, ""pe_per_row"": 8, ""reg_width"": 32, ""data_width"": 16, ""sram_bytes"": 262144, ""queue_depth"": 4, ""divider_stages"": 12, ""bank_count"": 32}, ""after"": {""tile_q"": 64, ""tile_k"": 64, ""tile_d"": 64, ""parallelism"": 16, ""double_buffer"": true, ""num_rows"": 32, ""pe_per_row"": 8, ""reg_width"": 32, ""data_width"": 16, ""sram_bytes"": 262144, ""queue_depth"": 2, ""divider_stages"": 12, ""bank_count"": 32}, ""feasible"": true, ""metrics"": {""cycles"": 25652.68389043134, ""compute_cycles"": 22641.380309295095, ""memory_slowdown"": 1.133, ""memory_slowdown_source"": ""measured:xm"", ""clock_period_ns"": 2.528, ""max_frequency_mhz"": 395.56962025316454, ""seconds"": 6.484998487501043e-05, ""pe_utilization"": 0.8698824707106907, ""throughput"": 7895144.478241756, ""dram_bytes"": 13412708.545454545, ""area"": 3038163.9616, ""power"": 743.6162518810235, ""energy_j"": 4.822350268729632e-05, ""energy_efficiency_tasks_per_j"": 20736.776556536475, ""energy_scope"": ""partial-model:execute-array-dynamic+sram-leakage"", ""edp"": 3.1272934198911912e-09}, ""violations"": [], ""model_frontier_extended"": true, ""independent_improvement"": null, ""independent_module_verified"": false, ""independent_observations"": [{""design_id"": ""466f5b256aa287443a6948d75b8736f52e0d62ff9580279496400f69eaabe4a9"", ""scope"": ""BlockScheduler, 32 rows x 8 PE, M=32; not full attention"", ""function_passed"": true, ""frequency_feasible"": false, ""metrics"": {""queue_depth"": 2.0, ""rows"": 32.0, ""pe"": 8.0, ""imbalance"": 1.329141, ""row_util"": 0.858381, ""pe_util"": 0.858381, ""cycles"": 220.0, ""area_um2"": 41951.658, ""cells"": 16832.0, ""estimated_power_mw"": 8.168453000000001, ""assumed_activity"": 0.0213, ""critical_path_ns"": 2.8915, ""sta_period_ns"": 2.857142857142857, ""slack_ns"": -0.0701, ""max_frequency_mhz"": 341.6183927342648}, ""latency_s"": null, ""identity_ok"": true, ""complete_captured_task"": true, ""sources_unchanged"": true, ""frequency_matches"": true, ""source"": {""model"": ""TinyLlama/TinyLlama-1.1B-intermediate-step-1431k-3T"", ""dataset"": ""wiki"", ""layer"": 10, ""seq_len"": 512, ""seed"": 20260903, ""head"": 0, ""token_sha256"": ""72f72a42f8d647ef0db223e6b033d5cb32edc2e9cf91a95cf93eafe6710422e6""}, ""log_uri"": ""/scratch/gz2522/gz2522/tmp/micro-hackthon/runs/critic_ablation_20260911/runs/main32_rule_s2/466f5b256aa287443a6948d75b8736f52e0d62ff9580279496400f69eaabe4a9/rtl/validation.json""}], ""independent_constraint_recovered"": false, ""independent_energy_improvement"": null, ""independent_scope"": ""scheduler only; constraint recovery is not a whole-task Pareto gain""}"
main32_rule_s2,c9c1a6f812a072e58e442a1d238e6f3cf67bf07a7d4c9c8c771e26b95277c1cc,repair,continue,Independent scheduler timing failed; test reduced scheduling fanout,"[""validation""]","[{""layer"": ""compiler"", ""field"": ""queue_depth"", ""operation"": ""set"", ""value"": 0, ""expected_effect"": ""test constraint recovery and latency/energy trade-off; independent evidence is required for acceptance"", ""risk"": ""may worsen another objective or remain infeasible""}]",,"{""state"": ""evaluated"", ""before"": {""tile_q"": 64, ""tile_k"": 64, ""tile_d"": 64, ""parallelism"": 16, ""double_buffer"": true, ""num_rows"": 32, ""pe_per_row"": 8, ""reg_width"": 32, ""data_width"": 16, ""sram_bytes"": 262144, ""queue_depth"": 2, ""divider_stages"": 12, ""bank_count"": 32}, ""after"": {""tile_q"": 64, ""tile_k"": 64, ""tile_d"": 64, ""parallelism"": 16, ""double_buffer"": true, ""num_rows"": 32, ""pe_per_row"": 8, ""reg_width"": 32, ""data_width"": 16, ""sram_bytes"": 262144, ""queue_depth"": 0, ""divider_stages"": 12, ""bank_count"": 32}, ""feasible"": true, ""metrics"": {""cycles"": 32328.41158535653, ""compute_cycles"": 28533.461240385288, ""memory_slowdown"": 1.133, ""memory_slowdown_source"": ""measured:xm"", ""clock_period_ns"": 2.273, ""max_frequency_mhz"": 439.94720633523974, ""seconds"": 7.348247953351541e-05, ""pe_utilization"": 0.690254143295938, ""throughput"": 6967647.298380514, ""dram_bytes"": 13412708.545454545, ""area"": 3003178.5616, ""power"": 600.603362726494, ""energy_j"": 4.413382430931012e-05, ""energy_efficiency_tasks_per_j"": 22658.358201445233, ""energy_scope"": ""partial-model:execute-array-dynamic+sram-leakage"", ""edp"": 3.2430628415446456e-09}, ""violations"": [], ""model_frontier_extended"": true, ""independent_improvement"": null, ""independent_module_verified"": true, ""independent_observations"": [{""design_id"": ""86db208eda7fb8f9e075532a45993414af24f3337d2ece0630d2f675d59b39c0"", ""scope"": ""BlockScheduler, 32 rows x 8 PE, M=32; not full attention"", ""function_passed"": true, ""frequency_feasible"": true, ""metrics"": {""queue_depth"": 0.0, ""rows"": 32.0, ""pe"": 8.0, ""imbalance"": 1.329141, ""row_util"": 0.752366, ""pe_util"": 0.752366, ""cycles"": 251.0, ""area_um2"": 13940.262, ""cells"": 6152.0, ""estimated_power_mw"": 2.799779, ""assumed_activity"": 0.0213, ""critical_path_ns"": 2.4835, ""sta_period_ns"": 2.857142857142857, ""slack_ns"": 0.3378, ""max_frequency_mhz"": 396.92890436281573}, ""latency_s"": 7.171428571428571e-07, ""identity_ok"": true, ""complete_captured_task"": true, ""sources_unchanged"": true, ""frequency_matches"": true, ""source"": {""model"": ""TinyLlama/TinyLlama-1.1B-intermediate-step-1431k-3T"", ""dataset"": ""wiki"", ""layer"": 10, ""seq_len"": 512, ""seed"": 20260903, ""head"": 0, ""token_sha256"": ""72f72a42f8d647ef0db223e6b033d5cb32edc2e9cf91a95cf93eafe6710422e6""}, ""log_uri"": ""/scratch/gz2522/gz2522/tmp/micro-hackthon/runs/critic_ablation_20260911/runs/main32_rule_s2/86db208eda7fb8f9e075532a45993414af24f3337d2ece0630d2f675d59b39c0/rtl/validation.json""}], ""independent_constraint_recovered"": true, ""independent_energy_improvement"": null, ""independent_scope"": ""scheduler only; constraint recovery is not a whole-task Pareto gain""}"
main32_rule_s2,6f154a8b8461eaa30081656f8f98edc3eb35adde0e896db4d6ada5e68b8091f8,repair,continue,Test a scheduling/memory trade-off on the model Pareto frontier,"[""history""]","[{""layer"": ""compiler"", ""field"": ""num_rows"", ""operation"": ""set"", ""value"": 16, ""expected_effect"": ""test constraint recovery and latency/energy trade-off; independent evidence is required for acceptance"", ""risk"": ""may worsen another objective or remain infeasible""}]",,"{""state"": ""evaluated"", ""before"": {""tile_q"": 64, ""tile_k"": 64, ""tile_d"": 64, ""parallelism"": 16, ""double_buffer"": true, ""num_rows"": 32, ""pe_per_row"": 8, ""reg_width"": 32, ""data_width"": 16, ""sram_bytes"": 262144, ""queue_depth"": 0, ""divider_stages"": 12, ""bank_count"": 32}, ""after"": {""tile_q"": 64, ""tile_k"": 64, ""tile_d"": 64, ""parallelism"": 16, ""double_buffer"": true, ""num_rows"": 16, ""pe_per_row"": 8, ""reg_width"": 32, ""data_width"": 16, ""sram_bytes"": 262144, ""queue_depth"": 0, ""divider_stages"": 12, ""bank_count"": 32}, ""feasible"": true, ""metrics"": {""cycles"": 60790.20458262795, ""compute_cycles"": 53654.196454217075, ""memory_slowdown"": 1.133, ""memory_slowdown_source"": ""measured:xm"", ""clock_period_ns"": 2.273, ""max_frequency_mhz"": 439.94720633523974, ""seconds"": 0.00013817613501631334, ""pe_utilization"": 0.7341584124013845, ""throughput"": 3705415.554860847, ""dram_bytes"": 13412708.545454545, ""area"": 2031683.9048000001, ""power"": 343.30440480874313, ""energy_j"": 4.743647579054798e-05, ""energy_efficiency_tasks_per_j"": 21080.824056479683, ""energy_scope"": ""partial-model:execute-array-dynamic+sram-leakage"", ""edp"": 6.554588883532837e-09}, ""violations"": [], ""model_frontier_extended"": false, ""independent_improvement"": null, ""independent_module_verified"": true, ""independent_observations"": [{""design_id"": ""2378616afe21600fe56926ad43ec986e3261b39168f3c174df61cc2fe1d24b45"", ""scope"": ""BlockScheduler, 16 rows x 8 PE, M=32; not full attention"", ""function_passed"": true, ""frequency_feasible"": true, ""metrics"": {""queue_depth"": 0.0, ""rows"": 16.0, ""pe"": 8.0, ""imbalance"": 1.265597, ""row_util"": 0.790141, ""pe_util"": 0.790141, ""cycles"": 478.0, ""area_um2"": 7374.318, ""cells"": 3321.0, ""estimated_power_mw"": 1.478434, ""assumed_activity"": 0.0213, ""critical_path_ns"": 2.364, ""sta_period_ns"": 2.857142857142857, ""slack_ns"": 0.4585, ""max_frequency_mhz"": 416.9024150561329}, ""latency_s"": 1.3657142857142857e-06, ""identity_ok"": true, ""complete_captured_task"": true, ""sources_unchanged"": true, ""frequency_matches"": true, ""source"": {""model"": ""TinyLlama/TinyLlama-1.1B-intermediate-step-1431k-3T"", ""dataset"": ""wiki"", ""layer"": 10, ""seq_len"": 512, ""seed"": 20260903, ""head"": 0, ""token_sha256"": ""72f72a42f8d647ef0db223e6b033d5cb32edc2e9cf91a95cf93eafe6710422e6""}, ""log_uri"": ""/scratch/gz2522/gz2522/tmp/micro-hackthon/runs/critic_ablation_20260911/runs/main32_rule_s2/2378616afe21600fe56926ad43ec986e3261b39168f3c174df61cc2fe1d24b45/rtl/validation.json""}], ""independent_constraint_recovered"": false, ""independent_energy_improvement"": null, ""independent_scope"": ""scheduler only; constraint recovery is not a whole-task Pareto gain""}"
main32_rule_s2,1940ce8f1ba53e68a894760459478021be964e28778996d484fcec1c29a45d81,repair,continue,Test a scheduling/memory trade-off on the model Pareto frontier,"[""history""]","[{""layer"": ""compiler"", ""field"": ""queue_depth"", ""operation"": ""set"", ""value"": 2, ""expected_effect"": ""test constraint recovery and latency/energy trade-off; independent evidence is required for acceptance"", ""risk"": ""may worsen another objective or remain infeasible""}]",,"{""state"": ""evaluated"", ""before"": {""tile_q"": 64, ""tile_k"": 64, ""tile_d"": 64, ""parallelism"": 16, ""double_buffer"": true, ""num_rows"": 16, ""pe_per_row"": 8, ""reg_width"": 32, ""data_width"": 16, ""sram_bytes"": 262144, ""queue_depth"": 0, ""divider_stages"": 12, ""bank_count"": 32}, ""after"": {""tile_q"": 64, ""tile_k"": 64, ""tile_d"": 64, ""parallelism"": 16, ""double_buffer"": true, ""num_rows"": 16, ""pe_per_row"": 8, ""reg_width"": 32, ""data_width"": 16, ""sram_bytes"": 262144, ""queue_depth"": 2, ""divider_stages"": 12, ""bank_count"": 32}, ""feasible"": true, ""metrics"": {""cycles"": 50016.49491816765, ""compute_cycles"": 44145.18527640569, ""memory_slowdown"": 1.133, ""memory_slowdown_source"": ""measured:xm"", ""clock_period_ns"": 2.528, ""max_frequency_mhz"": 395.56962025316454, ""seconds"": 0.00012644169915312784, ""pe_utilization"": 0.8922984339257755, ""throughput"": 4049297.054921256, ""dram_bytes"": 13412708.545454545, ""area"": 2049176.6048, ""power"": 406.25678457717265, ""energy_j"": 5.136779813442393e-05, ""energy_efficiency_tasks_per_j"": 19467.449186416536, ""energy_scope"": ""partial-model:execute-array-dynamic+sram-leakage"", ""edp"": 6.495031677871433e-09}, ""violations"": [], ""model_frontier_extended"": false, ""independent_improvement"": null, ""independent_module_verified"": true, ""independent_observations"": [{""design_id"": ""9745d7a17334845f9aa9aaa38999949b658ef21b6f74390dfb9af6e7d66d0a94"", ""scope"": ""BlockScheduler, 16 rows x 8 PE, M=32; not full attention"", ""function_passed"": true, ""frequency_feasible"": true, ""metrics"": {""queue_depth"": 2.0, ""rows"": 16.0, ""pe"": 8.0, ""imbalance"": 1.265597, ""row_util"": 0.903559, ""pe_util"": 0.903559, ""cycles"": 418.0, ""area_um2"": 21387.198, ""cells"": 8636.0, ""estimated_power_mw"": 4.162457, ""assumed_activity"": 0.0213, ""critical_path_ns"": 2.6061, ""sta_period_ns"": 2.857142857142857, ""slack_ns"": 0.2164, ""max_frequency_mhz"": 378.68132343712807}, ""latency_s"": 1.1942857142857144e-06, ""identity_ok"": true, ""complete_captured_task"": true, ""sources_unchanged"": true, ""frequency_matches"": true, ""source"": {""model"": ""TinyLlama/TinyLlama-1.1B-intermediate-step-1431k-3T"", ""dataset"": ""wiki"", ""layer"": 10, ""seq_len"": 512, ""seed"": 20260903, ""head"": 0, ""token_sha256"": ""72f72a42f8d647ef0db223e6b033d5cb32edc2e9cf91a95cf93eafe6710422e6""}, ""log_uri"": ""/scratch/gz2522/gz2522/tmp/micro-hackthon/runs/critic_ablation_20260911/runs/main32_rule_s2/9745d7a17334845f9aa9aaa38999949b658ef21b6f74390dfb9af6e7d66d0a94/rtl/validation.json""}], ""independent_constraint_recovered"": false, ""independent_energy_improvement"": null, ""independent_scope"": ""scheduler only; constraint recovery is not a whole-task Pareto gain""}"
main32_rule_s2,72bb29767554d9acd69f51205934d4f68eaeb7124002c2aa01712c85ddf64c99,repair,continue,Test a scheduling/memory trade-off on the model Pareto frontier,"[""history""]","[{""layer"": ""compiler"", ""field"": ""queue_depth"", ""operation"": ""set"", ""value"": 4, ""expected_effect"": ""test constraint recovery and latency/energy trade-off; independent evidence is required for acceptance"", ""risk"": ""may worsen another objective or remain infeasible""}]",,"{""state"": ""evaluated"", ""before"": {""tile_q"": 64, ""tile_k"": 64, ""tile_d"": 64, ""parallelism"": 16, ""double_buffer"": true, ""num_rows"": 16, ""pe_per_row"": 8, ""reg_width"": 32, ""data_width"": 16, ""sram_bytes"": 262144, ""queue_depth"": 2, ""divider_stages"": 12, ""bank_count"": 32}, ""after"": {""tile_q"": 64, ""tile_k"": 64, ""tile_d"": 64, ""parallelism"": 16, ""double_buffer"": true, ""num_rows"": 16, ""pe_per_row"": 8, ""reg_width"": 32, ""data_width"": 16, ""sram_bytes"": 262144, ""queue_depth"": 4, ""divider_stages"": 12, ""bank_count"": 32}, ""feasible"": true, ""metrics"": {""cycles"": 47861.75298527559, ""compute_cycles"": 42243.383040843415, ""memory_slowdown"": 1.133, ""memory_slowdown_source"": ""measured:xm"", ""clock_period_ns"": 2.76, ""max_frequency_mhz"": 362.3188405797102, ""seconds"": 0.0001320984382393606, ""pe_utilization"": 0.9324698178035303, ""throughput"": 3875897.450598642, ""dram_bytes"": 13412708.545454545, ""area"": 2065610.9048000001, ""power"": 422.2482090712293, ""energy_j"": 5.5778328967676417e-05, ""energy_efficiency_tasks_per_j"": 17928.109688970795, ""energy_scope"": ""partial-model:execute-array-dynamic+sram-leakage"", ""edp"": 7.368230144231342e-09}, ""violations"": [], ""model_frontier_extended"": false, ""independent_improvement"": null, ""independent_module_verified"": false, ""independent_observations"": [{""design_id"": ""0281a748831ee8a794653443deb9f9353e7d3b08e0e3e050b630eacddaa24bec"", ""scope"": ""BlockScheduler, 16 rows x 8 PE, M=32; not full attention"", ""function_passed"": true, ""frequency_feasible"": false, ""metrics"": {""queue_depth"": 4.0, ""rows"": 16.0, ""pe"": 8.0, ""imbalance"": 1.265597, ""row_util"": 0.93719, ""pe_util"": 0.93719, ""cycles"": 403.0, ""area_um2"": 34854.512, ""cells"": 13647.0, ""estimated_power_mw"": 6.736003, ""assumed_activity"": 0.0213, ""critical_path_ns"": 2.8837, ""sta_period_ns"": 2.857142857142857, ""slack_ns"": -0.0624, ""max_frequency_mhz"": 342.51937681045956}, ""latency_s"": null, ""identity_ok"": true, ""complete_captured_task"": true, ""sources_unchanged"": true, ""frequency_matches"": true, ""source"": {""model"": ""TinyLlama/TinyLlama-1.1B-intermediate-step-1431k-3T"", ""dataset"": ""wiki"", ""layer"": 10, ""seq_len"": 512, ""seed"": 20260903, ""head"": 0, ""token_sha256"": ""72f72a42f8d647ef0db223e6b033d5cb32edc2e9cf91a95cf93eafe6710422e6""}, ""log_uri"": ""/scratch/gz2522/gz2522/tmp/micro-hackthon/runs/critic_ablation_20260911/runs/main32_rule_s2/0281a748831ee8a794653443deb9f9353e7d3b08e0e3e050b630eacddaa24bec/rtl/validation.json""}], ""independent_constraint_recovered"": false, ""independent_energy_improvement"": null, ""independent_scope"": ""scheduler only; constraint recovery is not a whole-task Pareto gain""}"
main32_llm_s2,39e0ffefc4c6dd97d4d2b12622c40892b48f1d420a7477b059c3aca1d59880f4,repair,continue,"The parent configuration is infeasible because it fails to meet the 350 MHz timing target. The independent validation of the BlockScheduler shows a maximum frequency of only 324 MHz, resulting in negative slack. This timing failure is likely caused by the logic complexity of the scheduler. The current configuration uses a queue_depth of 4. To address this, I propose reducing the queue_depth to 2. ","[""validation.0.frequency_feasible"", ""validation.0.metrics.max_frequency_mhz"", ""constraints.target_mhz"", ""parent_point.queue_depth"", ""domains.queue_depth""]","[{""layer"": ""compiler"", ""field"": ""queue_depth"", ""operation"": ""set"", ""value"": 2, ""expected_effect"": ""The new configuration will pass the timing constraint (frequency_feasible will be true) by reducing the critical path delay in the BlockScheduler. This may slightly increase the total cycle count."", ""risk"": ""The shallower queue might be insufficient to hide all pipeline latencies, potentially increasing the cycle count and overall execution time ('seconds' metric).""}]",,"{""state"": ""evaluated"", ""before"": {""tile_q"": 64, ""tile_k"": 64, ""tile_d"": 64, ""parallelism"": 16, ""double_buffer"": true, ""num_rows"": 32, ""pe_per_row"": 8, ""reg_width"": 32, ""data_width"": 16, ""sram_bytes"": 262144, ""queue_depth"": 4, ""divider_stages"": 12, ""bank_count"": 32}, ""after"": {""tile_q"": 64, ""tile_k"": 64, ""tile_d"": 64, ""parallelism"": 16, ""double_buffer"": true, ""num_rows"": 32, ""pe_per_row"": 8, ""reg_width"": 32, ""data_width"": 16, ""sram_bytes"": 262144, ""queue_depth"": 2, ""divider_stages"": 12, ""bank_count"": 32}, ""feasible"": true, ""metrics"": {""cycles"": 25652.68389043134, ""compute_cycles"": 22641.380309295095, ""memory_slowdown"": 1.133, ""memory_slowdown_source"": ""measured:xm"", ""clock_period_ns"": 2.528, ""max_frequency_mhz"": 395.56962025316454, ""seconds"": 6.484998487501043e-05, ""pe_utilization"": 0.8698824707106907, ""throughput"": 7895144.478241756, ""dram_bytes"": 13412708.545454545, ""area"": 3038163.9616, ""power"": 743.6162518810235, ""energy_j"": 4.822350268729632e-05, ""energy_efficiency_tasks_per_j"": 20736.776556536475, ""energy_scope"": ""partial-model:execute-array-dynamic+sram-leakage"", ""edp"": 3.1272934198911912e-09}, ""violations"": [], ""model_frontier_extended"": true, ""independent_improvement"": null, ""independent_module_verified"": false, ""independent_observations"": [{""design_id"": ""466f5b256aa287443a6948d75b8736f52e0d62ff9580279496400f69eaabe4a9"", ""scope"": ""BlockScheduler, 32 rows x 8 PE, M=32; not full attention"", ""function_passed"": true, ""frequency_feasible"": false, ""metrics"": {""queue_depth"": 2.0, ""rows"": 32.0, ""pe"": 8.0, ""imbalance"": 1.329141, ""row_util"": 0.858381, ""pe_util"": 0.858381, ""cycles"": 220.0, ""area_um2"": 41951.658, ""cells"": 16832.0, ""estimated_power_mw"": 8.168453000000001, ""assumed_activity"": 0.0213, ""critical_path_ns"": 2.8915, ""sta_period_ns"": 2.857142857142857, ""slack_ns"": -0.0701, ""max_frequency_mhz"": 341.6183927342648}, ""latency_s"": null, ""identity_ok"": true, ""complete_captured_task"": true, ""sources_unchanged"": true, ""frequency_matches"": true, ""source"": {""model"": ""TinyLlama/TinyLlama-1.1B-intermediate-step-1431k-3T"", ""dataset"": ""wiki"", ""layer"": 10, ""seq_len"": 512, ""seed"": 20260903, ""head"": 0, ""token_sha256"": ""72f72a42f8d647ef0db223e6b033d5cb32edc2e9cf91a95cf93eafe6710422e6""}, ""log_uri"": ""/scratch/gz2522/gz2522/tmp/micro-hackthon/runs/critic_ablation_20260911/runs/main32_llm_s2/466f5b256aa287443a6948d75b8736f52e0d62ff9580279496400f69eaabe4a9/rtl/validation.json""}], ""independent_constraint_recovered"": false, ""independent_energy_improvement"": null, ""independent_scope"": ""scheduler only; constraint recovery is not a whole-task Pareto gain""}"
main32_llm_s2,ca94043b8537353d974e210553fc9415d304314be6b5c6ebed2e5555f8d7fa87,repair,continue,"The parent point failed to meet the 350 MHz timing target during independent scheduler validation, achieving only 341.6 MHz with a negative slack of -0.07 ns. This contradicts the optimistic top-level model, which predicted 395.6 MHz. The failure is specifically in the BlockScheduler, as shown by the validation scope. To directly address this timing issue in the failing component, I propose reduci","[""validation.0.frequency_feasible"", ""validation.0.metrics.max_frequency_mhz"", ""validation.0.metrics.slack_ns"", ""history.1.violations"", ""history.1.metrics.max_frequency_mhz""]","[{""layer"": ""compiler"", ""field"": ""queue_depth"", ""operation"": ""set"", ""value"": 0, ""expected_effect"": ""The proposed point with queue_depth=0 will pass the 350 MHz frequency target in the independent scheduler validation. The simpler logic should reduce the critical path and result in positive timing slack."", ""risk"": ""Removing the queue entirely (depth=0) may introduce pipeline stalls if the scheduler cannot issue work fast enough, potentially increasing total cycle count and reducing overall performance compared to the (infeasible) parent point.""}]",,"{""state"": ""evaluated"", ""before"": {""tile_q"": 64, ""tile_k"": 64, ""tile_d"": 64, ""parallelism"": 16, ""double_buffer"": true, ""num_rows"": 32, ""pe_per_row"": 8, ""reg_width"": 32, ""data_width"": 16, ""sram_bytes"": 262144, ""queue_depth"": 2, ""divider_stages"": 12, ""bank_count"": 32}, ""after"": {""tile_q"": 64, ""tile_k"": 64, ""tile_d"": 64, ""parallelism"": 16, ""double_buffer"": true, ""num_rows"": 32, ""pe_per_row"": 8, ""reg_width"": 32, ""data_width"": 16, ""sram_bytes"": 262144, ""queue_depth"": 0, ""divider_stages"": 12, ""bank_count"": 32}, ""feasible"": true, ""metrics"": {""cycles"": 32328.41158535653, ""compute_cycles"": 28533.461240385288, ""memory_slowdown"": 1.133, ""memory_slowdown_source"": ""measured:xm"", ""clock_period_ns"": 2.273, ""max_frequency_mhz"": 439.94720633523974, ""seconds"": 7.348247953351541e-05, ""pe_utilization"": 0.690254143295938, ""throughput"": 6967647.298380514, ""dram_bytes"": 13412708.545454545, ""area"": 3003178.5616, ""power"": 600.603362726494, ""energy_j"": 4.413382430931012e-05, ""energy_efficiency_tasks_per_j"": 22658.358201445233, ""energy_scope"": ""partial-model:execute-array-dynamic+sram-leakage"", ""edp"": 3.2430628415446456e-09}, ""violations"": [], ""model_frontier_extended"": true, ""independent_improvement"": null, ""independent_module_verified"": true, ""independent_observations"": [{""design_id"": ""86db208eda7fb8f9e075532a45993414af24f3337d2ece0630d2f675d59b39c0"", ""scope"": ""BlockScheduler, 32 rows x 8 PE, M=32; not full attention"", ""function_passed"": true, ""frequency_feasible"": true, ""metrics"": {""queue_depth"": 0.0, ""rows"": 32.0, ""pe"": 8.0, ""imbalance"": 1.329141, ""row_util"": 0.752366, ""pe_util"": 0.752366, ""cycles"": 251.0, ""area_um2"": 13940.262, ""cells"": 6152.0, ""estimated_power_mw"": 2.799779, ""assumed_activity"": 0.0213, ""critical_path_ns"": 2.4835, ""sta_period_ns"": 2.857142857142857, ""slack_ns"": 0.3378, ""max_frequency_mhz"": 396.92890436281573}, ""latency_s"": 7.171428571428571e-07, ""identity_ok"": true, ""complete_captured_task"": true, ""sources_unchanged"": true, ""frequency_matches"": true, ""source"": {""model"": ""TinyLlama/TinyLlama-1.1B-intermediate-step-1431k-3T"", ""dataset"": ""wiki"", ""layer"": 10, ""seq_len"": 512, ""seed"": 20260903, ""head"": 0, ""token_sha256"": ""72f72a42f8d647ef0db223e6b033d5cb32edc2e9cf91a95cf93eafe6710422e6""}, ""log_uri"": ""/scratch/gz2522/gz2522/tmp/micro-hackthon/runs/critic_ablation_20260911/runs/main32_llm_s2/86db208eda7fb8f9e075532a45993414af24f3337d2ece0630d2f675d59b39c0/rtl/validation.json""}], ""independent_constraint_recovered"": true, ""independent_energy_improvement"": null, ""independent_scope"": ""scheduler only; constraint recovery is not a whole-task Pareto gain""}"
main32_llm_s2,0ca813c423e5b7c1de042e91128f89e6bfdfe3873f472b50e4d2d1d265a1c5e0,repair,continue,"The parent configuration (history.2) uses a 32-bit register width for 16-bit data, which is inefficient in area and power. The history shows that increasing queue_depth from 0 to 2 improved latency but was rejected by validation, and increasing to 4 worsened both latency and energy. Instead of exploring the problematic queue_depth parameter further, this intervention reduces the register width to ","[""parent_point.reg_width"", ""parent_point.data_width"", ""history.2.metrics.seconds"", ""history.2.metrics.energy_j"", ""history.1.violations""]","[{""layer"": ""compiler"", ""field"": ""reg_width"", ""operation"": ""set"", ""value"": 16, ""expected_effect"": ""Reduce area and power by matching register width to data width (16). This should decrease both energy_j and seconds, resulting in a Pareto improvement over the parent point."", ""risk"": ""Low. The data path is 16-bit, so a 16-bit register should be functionally correct and is likely to improve timing or be timing-neutral.""}]",,"{""state"": ""evaluated"", ""before"": {""tile_q"": 64, ""tile_k"": 64, ""tile_d"": 64, ""parallelism"": 16, ""double_buffer"": true, ""num_rows"": 32, ""pe_per_row"": 8, ""reg_width"": 32, ""data_width"": 16, ""sram_bytes"": 262144, ""queue_depth"": 0, ""divider_stages"": 12, ""bank_count"": 32}, ""after"": {""tile_q"": 64, ""tile_k"": 64, ""tile_d"": 64, ""parallelism"": 16, ""double_buffer"": true, ""num_rows"": 32, ""pe_per_row"": 8, ""reg_width"": 16, ""data_width"": 16, ""sram_bytes"": 262144, ""queue_depth"": 0, ""divider_stages"": 12, ""bank_count"": 32}, ""feasible"": true, ""metrics"": {""cycles"": 32328.41158535653, ""compute_cycles"": 28533.461240385288, ""memory_slowdown"": 1.133, ""memory_slowdown_source"": ""measured:xm"", ""clock_period_ns"": 2.273, ""max_frequency_mhz"": 439.94720633523974, ""seconds"": 7.348247953351541e-05, ""pe_utilization"": 0.690254143295938, ""throughput"": 6967647.298380514, ""dram_bytes"": 13412708.545454545, ""area"": 2984399.2208, ""power"": 600.603362726494, ""energy_j"": 4.413382430931012e-05, ""energy_efficiency_tasks_per_j"": 22658.358201445233, ""energy_scope"": ""partial-model:execute-array-dynamic+sram-leakage"", ""edp"": 3.2430628415446456e-09}, ""violations"": [], ""model_frontier_extended"": false, ""independent_improvement"": null, ""independent_module_verified"": true, ""independent_observations"": [{""design_id"": ""6940336e9a43671635dab597aef8f33803a392d3710d7937fc0c2336bfbfb65a"", ""scope"": ""BlockScheduler, 32 rows x 8 PE, M=32; not full attention"", ""function_passed"": true, ""frequency_feasible"": true, ""metrics"": {""queue_depth"": 0.0, ""rows"": 32.0, ""pe"": 8.0, ""imbalance"": 1.329141, ""row_util"": 0.752366, ""pe_util"": 0.752366, ""cycles"": 251.0, ""area_um2"": 13940.262, ""cells"": 6152.0, ""estimated_power_mw"": 2.799779, ""assumed_activity"": 0.0213, ""critical_path_ns"": 2.4835, ""sta_period_ns"": 2.857142857142857, ""slack_ns"": 0.3378, ""max_frequency_mhz"": 396.92890436281573}, ""latency_s"": 7.171428571428571e-07, ""identity_ok"": true, ""complete_captured_task"": true, ""sources_unchanged"": true, ""frequency_matches"": true, ""source"": {""model"": ""TinyLlama/TinyLlama-1.1B-intermediate-step-1431k-3T"", ""dataset"": ""wiki"", ""layer"": 10, ""seq_len"": 512, ""seed"": 20260903, ""head"": 0, ""token_sha256"": ""72f72a42f8d647ef0db223e6b033d5cb32edc2e9cf91a95cf93eafe6710422e6""}, ""log_uri"": ""/scratch/gz2522/gz2522/tmp/micro-hackthon/runs/critic_ablation_20260911/runs/main32_llm_s2/6940336e9a43671635dab597aef8f33803a392d3710d7937fc0c2336bfbfb65a/rtl/validation.json""}], ""independent_constraint_recovered"": false, ""independent_energy_improvement"": null, ""independent_scope"": ""scheduler only; constraint recovery is not a whole-task Pareto gain""}"
main32_llm_s2,a1f31ab5dfdf603ec9d1e4cde05ce1eae7097190360a4c5503e9af130e6ad5d7,repair,continue,"History shows that adding a queue (`queue_depth > 0`) significantly reduces execution cycles. For example, history.1 (`queue_depth=2`) had ~25k cycles compared to ~32k for the parent (`queue_depth=0`). However, all previous attempts with a queue (`history.0`, `history.1`) were infeasible, with history.1 explicitly failing scheduler validation. Those failed points used `reg_width=32`. The current p","[""history.1.metrics.cycles"", ""history.1.violations"", ""history.3.metrics.cycles"", ""parent_point.reg_width"", ""history.1.point.reg_width""]","[{""layer"": ""compiler"", ""field"": ""queue_depth"", ""operation"": ""set"", ""value"": 2, ""expected_effect"": ""Cycles will decrease significantly, leading to lower execution time (seconds). The point should now pass scheduler validation due to the parent's smaller `reg_width` (16 vs 32 in the previously failed point)."", ""risk"": ""The scheduler validation may fail again, as it did for a previous point with `queue_depth=2`. Energy may increase, but this is acceptable if time is reduced.""}]",,"{""state"": ""evaluated"", ""before"": {""tile_q"": 64, ""tile_k"": 64, ""tile_d"": 64, ""parallelism"": 16, ""double_buffer"": true, ""num_rows"": 32, ""pe_per_row"": 8, ""reg_width"": 16, ""data_width"": 16, ""sram_bytes"": 262144, ""queue_depth"": 0, ""divider_stages"": 12, ""bank_count"": 32}, ""after"": {""tile_q"": 64, ""tile_k"": 64, ""tile_d"": 64, ""parallelism"": 16, ""double_buffer"": true, ""num_rows"": 32, ""pe_per_row"": 8, ""reg_width"": 16, ""data_width"": 16, ""sram_bytes"": 262144, ""queue_depth"": 2, ""divider_stages"": 12, ""bank_count"": 32}, ""feasible"": true, ""metrics"": {""cycles"": 25652.68389043134, ""compute_cycles"": 22641.380309295095, ""memory_slowdown"": 1.133, ""memory_slowdown_source"": ""measured:xm"", ""clock_period_ns"": 2.528, ""max_frequency_mhz"": 395.56962025316454, ""seconds"": 6.484998487501043e-05, ""pe_utilization"": 0.8698824707106907, ""throughput"": 7895144.478241756, ""dram_bytes"": 13412708.545454545, ""area"": 3019384.6207999997, ""power"": 743.6162518810235, ""energy_j"": 4.822350268729632e-05, ""energy_efficiency_tasks_per_j"": 20736.776556536475, ""energy_scope"": ""partial-model:execute-array-dynamic+sram-leakage"", ""edp"": 3.1272934198911912e-09}, ""violations"": [], ""model_frontier_extended"": true, ""independent_improvement"": null, ""independent_module_verified"": false, ""independent_observations"": [{""design_id"": ""d6cf4aac4fcccb17852d056b80ff84845bfba88e99cfdc21c4658bdba769c453"", ""scope"": ""BlockScheduler, 32 rows x 8 PE, M=32; not full attention"", ""function_passed"": true, ""frequency_feasible"": false, ""metrics"": {""queue_depth"": 2.0, ""rows"": 32.0, ""pe"": 8.0, ""imbalance"": 1.329141, ""row_util"": 0.858381, ""pe_util"": 0.858381, ""cycles"": 220.0, ""area_um2"": 41951.658, ""cells"": 16832.0, ""estimated_power_mw"": 8.168453000000001, ""assumed_activity"": 0.0213, ""critical_path_ns"": 2.8915, ""sta_period_ns"": 2.857142857142857, ""slack_ns"": -0.0701, ""max_frequency_mhz"": 341.6183927342648}, ""latency_s"": null, ""identity_ok"": true, ""complete_captured_task"": true, ""sources_unchanged"": true, ""frequency_matches"": true, ""source"": {""model"": ""TinyLlama/TinyLlama-1.1B-intermediate-step-1431k-3T"", ""dataset"": ""wiki"", ""layer"": 10, ""seq_len"": 512, ""seed"": 20260903, ""head"": 0, ""token_sha256"": ""72f72a42f8d647ef0db223e6b033d5cb32edc2e9cf91a95cf93eafe6710422e6""}, ""log_uri"": ""/scratch/gz2522/gz2522/tmp/micro-hackthon/runs/critic_ablation_20260911/runs/main32_llm_s2/d6cf4aac4fcccb17852d056b80ff84845bfba88e99cfdc21c4658bdba769c453/rtl/validation.json""}], ""independent_constraint_recovered"": false, ""independent_energy_improvement"": null, ""independent_scope"": ""scheduler only; constraint recovery is not a whole-task Pareto gain""}"
main32_llm_s2,7560e1bb69d9e4456a05065383389ce4f9554b4b8f6b39fc5c82e33cf39ed9fd,repair,continue,"The parent point is infeasible due to a timing failure in the independent scheduler validation for the 32x8 PE scheduler (validation.0.frequency_feasible: false). The scheduler's max frequency is 341.6 MHz, below the 350 MHz target. While history shows that setting queue_depth=0 resolves this timing issue (history.3.feasible), that specific point is already in the history and cannot be proposed ag","[""validation.0.frequency_feasible"", ""validation.0.metrics.slack_ns"", ""history.4.violations"", ""history.3.feasible""]","[{""layer"": ""compiler"", ""field"": ""pe_per_row"", ""operation"": ""set"", ""value"": 4, ""expected_effect"": ""Reducing the number of PEs per row from 8 to 4 simplifies the scheduler's arbitration logic. This is expected to improve its timing, resolving the frequency violation identified in validation.0 and making the design feasible. This will reduce total PE count, likely increasing cycles but also reducin"", ""risk"": ""Medium. While likely to fix the timing issue, changing the PE array dimensions is a significant architectural modification. The impact on overall performance (latency) may be substantial, and the new configuration's efficiency is unknown.""}]",,"{""state"": ""evaluated"", ""before"": {""tile_q"": 64, ""tile_k"": 64, ""tile_d"": 64, ""parallelism"": 16, ""double_buffer"": true, ""num_rows"": 32, ""pe_per_row"": 8, ""reg_width"": 16, ""data_width"": 16, ""sram_bytes"": 262144, ""queue_depth"": 2, ""divider_stages"": 12, ""bank_count"": 32}, ""after"": {""tile_q"": 64, ""tile_k"": 64, ""tile_d"": 64, ""parallelism"": 16, ""double_buffer"": true, ""num_rows"": 32, ""pe_per_row"": 4, ""reg_width"": 16, ""data_width"": 16, ""sram_bytes"": 262144, ""queue_depth"": 2, ""divider_stages"": 12, ""bank_count"": 32}, ""feasible"": true, ""metrics"": {""cycles"": 53622.05945685149, ""compute_cycles"": 47327.50172714165, ""memory_slowdown"": 1.133, ""memory_slowdown_source"": ""measured:xm"", ""clock_period_ns"": 2.528, ""max_frequency_mhz"": 395.56962025316454, ""seconds"": 0.00013555656630692058, ""pe_utilization"": 0.8323, ""throughput"": 3777021.0174898836, ""dram_bytes"": 13412708.545454545, ""area"": 2617405.8048, ""power"": 382.372608, ""energy_j"": 5.1833117790302146e-05, ""energy_efficiency_tasks_per_j"": 19292.684728046548, ""energy_scope"": ""partial-model:execute-array-dynamic+sram-leakage"", ""edp"": 7.026319468635518e-09}, ""violations"": [], ""model_frontier_extended"": false, ""independent_improvement"": null, ""independent_module_verified"": true, ""independent_observations"": [{""design_id"": ""2a057e92c34c6d29221769ae783b2fa1c226f57909f5d201c5af18fba885b5ea"", ""scope"": ""BlockScheduler, 32 rows x 4 PE, M=32; not full attention"", ""function_passed"": true, ""frequency_feasible"": true, ""metrics"": {""queue_depth"": 2.0, ""rows"": 32.0, ""pe"": 4.0, ""imbalance"": 1.329141, ""row_util"": 0.858381, ""pe_util"": 0.858381, ""cycles"": 440.0, ""area_um2"": 23463.86, ""cells"": 9836.0, ""estimated_power_mw"": 4.497775, ""assumed_activity"": 0.0213, ""critical_path_ns"": 2.5308, ""sta_period_ns"": 2.857142857142857, ""slack_ns"": 0.2915, ""max_frequency_mhz"": 389.76586207856565}, ""latency_s"": 1.2571428571428571e-06, ""identity_ok"": true, ""complete_captured_task"": true, ""sources_unchanged"": true, ""frequency_matches"": true, ""source"": {""model"": ""TinyLlama/TinyLlama-1.1B-intermediate-step-1431k-3T"", ""dataset"": ""wiki"", ""layer"": 10, ""seq_len"": 512, ""seed"": 20260903, ""head"": 0, ""token_sha256"": ""72f72a42f8d647ef0db223e6b033d5cb32edc2e9cf91a95cf93eafe6710422e6""}, ""log_uri"": ""/scratch/gz2522/gz2522/tmp/micro-hackthon/runs/critic_ablation_20260911/runs/main32_llm_s2/2a057e92c34c6d29221769ae783b2fa1c226f57909f5d201c5af18fba885b5ea/rtl/validation.json""}], ""independent_constraint_recovered"": true, ""independent_energy_improvement"": null, ""independent_scope"": ""scheduler only; constraint recovery is not a whole-task Pareto gain""}"
main32_shadow_s2,39e0ffefc4c6dd97d4d2b12622c40892b48f1d420a7477b059c3aca1d59880f4,repair,continue,"The independent validation of the BlockScheduler component shows a timing failure at the target frequency. The design has a negative slack of -0.2286 ns, with a critical path of 3.051 ns versus a target period of 2.857 ns (350 MHz). The current configuration uses a queue_depth of 4. Deeper queues can increase logic complexity and lengthen the critical path. To address the timing failure, I propose","[""validation.0.frequency_feasible"", ""validation.0.metrics.slack_ns"", ""validation.0.metrics.critical_path_ns"", ""constraints.target_mhz"", ""parent_point.queue_depth""]","[{""layer"": ""compiler"", ""field"": ""queue_depth"", ""operation"": ""set"", ""value"": 2, ""expected_effect"": ""Reduce the scheduler's critical path delay to achieve timing closure (positive slack) at the 350 MHz target frequency."", ""risk"": ""A shallower queue might reduce the scheduler's ability to hide latency, potentially increasing cycle count and degrading performance. However, fixing the timing violation is a prerequisite for a valid design.""}]",,"{""state"": ""shadow_not_applied""}"
main32_shadow_s2,aa18b1adc3f11c8cb62eb5c20c148af07d1db1f3381003dac25e792649fe391e,repair,continue,"The parent point is infeasible because its BlockScheduler component failed to meet the 350 MHz timing target. The independent validation report for the scheduler, configured with parameters from the parent point including a `queue_depth` of 4, shows negative timing slack. Deeper queues can increase logic complexity and lengthen the critical path. I propose reducing the `queue_depth` from 4 to 2. T","[""history.1.feasible"", ""history.1.violations"", ""validation.0.frequency_feasible"", ""validation.0.metrics.critical_path_ns"", ""validation.0.metrics.slack_ns"", ""parent_point.queue_depth""]","[{""layer"": ""compiler"", ""field"": ""queue_depth"", ""operation"": ""set"", ""value"": 2, ""expected_effect"": ""The BlockScheduler component will meet the 350 MHz timing target, making the overall configuration feasible. This may have a minor impact on performance, but feasibility is the primary goal."", ""risk"": ""A shallower queue might increase pipeline stalls if the original queue was effectively hiding latency, potentially increasing total cycles. However, the current configuration is infeasible, so this is a necessary step to find a valid design point.""}]",,"{""state"": ""shadow_not_applied""}"
main32_shadow_s2,fddab25966f2775da33f4706c1802f65423f01d62dd5102676759bbed85b6910,repair,continue,"The current feasible point (history.2) exhibits a high memory slowdown of 1.526, resulting in a long execution time of 0.18ms. A previous, faster configuration (history.0) had a much lower slowdown (1.133) and superior performance, partly due to a larger 262144-byte SRAM. Although history.0 was infeasible for other reasons, we can adopt its larger SRAM to address the clear memory bottleneck in the","[""history.2.metrics.memory_slowdown"", ""history.2.metrics.seconds"", ""history.2.metrics.energy_j"", ""history.0.metrics.memory_slowdown"", ""history.0.metrics.area"", ""constraints.max_area_um2"", ""history.2.feasible""]","[{""layer"": ""compiler"", ""field"": ""sram_bytes"", ""operation"": ""set"", ""value"": 262144, ""expected_effect"": ""Reduce memory_slowdown, leading to lower cycles and seconds. The area will increase but is expected to stay within the 4M um2 budget. Total energy may decrease if the reduction in runtime outweighs the increase in static power."", ""risk"": ""The increased SRAM area and leakage power could make the design infeasible or less energy-efficient if the performance gains are not substantial enough to compensate.""}]",,"{""state"": ""shadow_not_applied""}"
main32_shadow_s2,d3682c0dcbe5e27fc1db97c6f5e7e4ef339c76c15754ebcbcc39f961f3fc9642,repair,continue,Test a scheduling/memory trade-off on the model Pareto frontier,"[""history""]","[{""layer"": ""compiler"", ""field"": ""queue_depth"", ""operation"": ""set"", ""value"": 2, ""expected_effect"": ""test constraint recovery and latency/energy trade-off; independent evidence is required for acceptance"", ""risk"": ""may worsen another objective or remain infeasible""}]",ValueError: unknown evidence path: history.3.metrics.bank_count,"{""state"": ""shadow_not_applied""}"
main32_shadow_s2,5911adb3ead8658ec7aa61872171fd5d8d2e33da25624074d2787100fcbc923c,repair,continue,"The parent configuration failed timing validation for the independent block scheduler, with a critical path of 2.89ns against a target of 2.86ns (350MHz). This timing failure is the reason the point was marked infeasible. The validation report indicates a queue_depth of 2 was used. Deeper queues can add logic complexity and increase the critical path. I propose setting queue_depth to 0. This is ex","[""validation.0.frequency_feasible"", ""validation.0.metrics.critical_path_ns"", ""validation.0.metrics.sta_period_ns"", ""validation.0.metrics.slack_ns"", ""history.4.violations""]","[{""layer"": ""compiler"", ""field"": ""queue_depth"", ""operation"": ""set"", ""value"": 0, ""expected_effect"": ""The modified configuration will become feasible by passing frequency validation for the independent scheduler. The critical path delay is expected to decrease, meeting the 350MHz target."", ""risk"": ""Removing the queue entirely may introduce stalls if the scheduler is sensitive to input/output latency, potentially increasing overall cycle count and execution time. This is considered a lower risk than reducing core parallelism.""}]",,"{""state"": ""shadow_not_applied""}"
main32_no_independent_s2,697cb7d00a5efca4203692a937a3b46d92c3e50e52f00778d677d50a0c293da4,repair,continue,"The parent point has timing slack, with an achieved frequency of 362MHz against a target of 350MHz. The configuration uses the maximum number of divider pipeline stages (12), which benefits frequency at the cost of area, power, and cycle latency. I propose reducing the divider stages to 8. This is expected to reduce area and energy consumption. The risk is that the maximum frequency may fall below","[""history.0.metrics.max_frequency_mhz"", ""history.0.point.divider_stages"", ""constraints.target_mhz""]","[{""layer"": ""compiler"", ""field"": ""divider_stages"", ""operation"": ""set"", ""value"": 8, ""expected_effect"": ""Reduce area and energy_j. May slightly decrease max_frequency_mhz, but expected to remain feasible (>350MHz)."", ""risk"": ""The reduction in pipeline stages could make the divider a new critical path, causing max_frequency_mhz to drop below the 350MHz target and making the point infeasible.""}]",,"{""state"": ""evaluated"", ""before"": {""tile_q"": 64, ""tile_k"": 64, ""tile_d"": 64, ""parallelism"": 16, ""double_buffer"": true, ""num_rows"": 32, ""pe_per_row"": 8, ""reg_width"": 32, ""data_width"": 16, ""sram_bytes"": 262144, ""queue_depth"": 4, ""divider_stages"": 12, ""bank_count"": 32}, ""after"": {""tile_q"": 64, ""tile_k"": 64, ""tile_d"": 64, ""parallelism"": 16, ""double_buffer"": true, ""num_rows"": 32, ""pe_per_row"": 8, ""reg_width"": 32, ""data_width"": 16, ""sram_bytes"": 262144, ""queue_depth"": 4, ""divider_stages"": 8, ""bank_count"": 32}, ""feasible"": true, ""metrics"": {""cycles"": 24317.538351446306, ""compute_cycles"": 21462.964123077058, ""memory_slowdown"": 1.133, ""memory_slowdown_source"": ""measured:xm"", ""clock_period_ns"": 2.76, ""max_frequency_mhz"": 362.3188405797102, ""seconds"": 6.711640584999181e-05, ""pe_utilization"": 0.9176430492456304, ""throughput"": 7628537.218520656, ""dram_bytes"": 13412708.545454545, ""area"": 3040450.1616, ""power"": 781.641314087401, ""energy_j"": 5.2460955665410925e-05, ""energy_efficiency_tasks_per_j"": 19061.79533552283, ""energy_scope"": ""partial-model:execute-array-dynamic+sram-leakage"", ""edp"": 3.5209907917181466e-09}, ""violations"": [], ""model_frontier_extended"": true, ""independent_improvement"": null, ""independent_module_verified"": false, ""independent_observations"": [{""design_id"": ""096bb549e344e5b757d2a9aedba5fe002bc6ef828bc8190e3f8dd0ef61e0ff22"", ""scope"": ""BlockScheduler, 32 rows x 8 PE, M=32; not full attention"", ""function_passed"": true, ""frequency_feasible"": false, ""metrics"": {""queue_depth"": 4.0, ""rows"": 32.0, ""pe"": 8.0, ""imbalance"": 1.329141, ""row_util"": 0.874277, ""pe_util"": 0.874277, ""cycles"": 216.0, ""area_um2"": 69011.04, ""cells"": 26958.0, ""estimated_power_mw"": 13.31611, ""assumed_activity"": 0.0213, ""critical_path_ns"": 3.051, ""sta_period_ns"": 2.857142857142857, ""slack_ns"": -0.2286, ""max_frequency_mhz"": 324.07107341598686}, ""latency_s"": null, ""identity_ok"": true, ""complete_captured_task"": true, ""sources_unchanged"": true, ""frequency_matches"": true, ""source"": {""model"": ""TinyLlama/TinyLlama-1.1B-intermediate-step-1431k-3T"", ""dataset"": ""wiki"", ""layer"": 10, ""seq_len"": 512, ""seed"": 20260903, ""head"": 0, ""token_sha256"": ""72f72a42f8d647ef0db223e6b033d5cb32edc2e9cf91a95cf93eafe6710422e6""}, ""log_uri"": ""/scratch/gz2522/gz2522/tmp/micro-hackthon/runs/critic_ablation_20260911/runs/main32_no_independent_s2/096bb549e344e5b757d2a9aedba5fe002bc6ef828bc8190e3f8dd0ef61e0ff22/rtl/validation.json""}], ""independent_constraint_recovered"": false, ""independent_energy_improvement"": null, ""independent_scope"": ""scheduler only; constraint recovery is not a whole-task Pareto gain""}"
main32_no_independent_s2,43d3a41fb7181666914f77e733f42db46c84498d53dd3835b432f0d633353bec,repair,continue,"The parent point uses a 32-bit register width for 16-bit data, which is inefficient in terms of area and power. The history shows the current design has area and frequency slack. I propose reducing the register width to 16 to match the data width. This is expected to significantly reduce area and power, leading to lower energy consumption, without negatively impacting cycle count. The main risk is","[""parent_point.reg_width"", ""parent_point.data_width"", ""domains.reg_width"", ""history.1.metrics.area"", ""history.1.metrics.max_frequency_mhz"", ""constraints.max_area_um2"", ""constraints.target_mhz""]","[{""layer"": ""compiler"", ""field"": ""reg_width"", ""operation"": ""set"", ""value"": 16, ""expected_effect"": ""Reduce area and power by matching register width to data width. This is expected to lower energy_j. Cycles should be unaffected. Frequency is expected to remain above the target."", ""risk"": ""The change in datapath timing could unexpectedly lower max_frequency_mhz below the target.""}]",,"{""state"": ""evaluated"", ""before"": {""tile_q"": 64, ""tile_k"": 64, ""tile_d"": 64, ""parallelism"": 16, ""double_buffer"": true, ""num_rows"": 32, ""pe_per_row"": 8, ""reg_width"": 32, ""data_width"": 16, ""sram_bytes"": 262144, ""queue_depth"": 4, ""divider_stages"": 8, ""bank_count"": 32}, ""after"": {""tile_q"": 64, ""tile_k"": 64, ""tile_d"": 64, ""parallelism"": 16, ""double_buffer"": true, ""num_rows"": 32, ""pe_per_row"": 8, ""reg_width"": 16, ""data_width"": 16, ""sram_bytes"": 262144, ""queue_depth"": 4, ""divider_stages"": 8, ""bank_count"": 32}, ""feasible"": true, ""metrics"": {""cycles"": 24317.538351446306, ""compute_cycles"": 21462.964123077058, ""memory_slowdown"": 1.133, ""memory_slowdown_source"": ""measured:xm"", ""clock_period_ns"": 2.76, ""max_frequency_mhz"": 362.3188405797102, ""seconds"": 6.711640584999181e-05, ""pe_utilization"": 0.9176430492456304, ""throughput"": 7628537.218520656, ""dram_bytes"": 13412708.545454545, ""area"": 3021670.8208, ""power"": 781.641314087401, ""energy_j"": 5.2460955665410925e-05, ""energy_efficiency_tasks_per_j"": 19061.79533552283, ""energy_scope"": ""partial-model:execute-array-dynamic+sram-leakage"", ""edp"": 3.5209907917181466e-09}, ""violations"": [], ""model_frontier_extended"": true, ""independent_improvement"": null, ""independent_module_verified"": false, ""independent_observations"": [{""design_id"": ""b2b33f6b47102e20960d74745a7e4e4e0aa12606b57799fc99f3ae0902fc5a24"", ""scope"": ""BlockScheduler, 32 rows x 8 PE, M=32; not full attention"", ""function_passed"": true, ""frequency_feasible"": false, ""metrics"": {""queue_depth"": 4.0, ""rows"": 32.0, ""pe"": 8.0, ""imbalance"": 1.329141, ""row_util"": 0.874277, ""pe_util"": 0.874277, ""cycles"": 216.0, ""area_um2"": 69011.04, ""cells"": 26958.0, ""estimated_power_mw"": 13.31611, ""assumed_activity"": 0.0213, ""critical_path_ns"": 3.051, ""sta_period_ns"": 2.857142857142857, ""slack_ns"": -0.2286, ""max_frequency_mhz"": 324.07107341598686}, ""latency_s"": null, ""identity_ok"": true, ""complete_captured_task"": true, ""sources_unchanged"": true, ""frequency_matches"": true, ""source"": {""model"": ""TinyLlama/TinyLlama-1.1B-intermediate-step-1431k-3T"", ""dataset"": ""wiki"", ""layer"": 10, ""seq_len"": 512, ""seed"": 20260903, ""head"": 0, ""token_sha256"": ""72f72a42f8d647ef0db223e6b033d5cb32edc2e9cf91a95cf93eafe6710422e6""}, ""log_uri"": ""/scratch/gz2522/gz2522/tmp/micro-hackthon/runs/critic_ablation_20260911/runs/main32_no_independent_s2/b2b33f6b47102e20960d74745a7e4e4e0aa12606b57799fc99f3ae0902fc5a24/rtl/validation.json""}], ""independent_constraint_recovered"": false, ""independent_energy_improvement"": null, ""independent_scope"": ""scheduler only; constraint recovery is not a whole-task Pareto gain""}"
main32_no_independent_s2,9178c3109d1266bdee85ed101f352d95664a5e2e085729c5ddffb5a1485a0b46,repair,continue,"The parent configuration uses a queue_depth of 4. History does not contain any variations of this parameter, so its impact is unknown. The prompt warns not to assume deeper queues are better, implying that the current depth may be oversized. Reducing the queue_depth from 4 to 2 is a targeted microarchitectural change that could reduce area and power. If the system is not bottlenecked by this queue","[""parent_point.queue_depth"", ""domains.queue_depth"", ""history.2.metrics.seconds"", ""history.2.metrics.energy_j""]","[{""layer"": ""compiler"", ""field"": ""queue_depth"", ""operation"": ""set"", ""value"": 2, ""expected_effect"": ""Reduces area and power. If cycles and frequency are unaffected, energy_j will decrease while seconds remains constant, yielding a Pareto improvement."", ""risk"": ""Reducing buffer depth may introduce stalls if the queue is actively hiding latency, which would increase cycles and seconds, resulting in a Pareto-worse design point.""}]",,"{""state"": ""evaluated"", ""before"": {""tile_q"": 64, ""tile_k"": 64, ""tile_d"": 64, ""parallelism"": 16, ""double_buffer"": true, ""num_rows"": 32, ""pe_per_row"": 8, ""reg_width"": 16, ""data_width"": 16, ""sram_bytes"": 262144, ""queue_depth"": 4, ""divider_stages"": 8, ""bank_count"": 32}, ""after"": {""tile_q"": 64, ""tile_k"": 64, ""tile_d"": 64, ""parallelism"": 16, ""double_buffer"": true, ""num_rows"": 32, ""pe_per_row"": 8, ""reg_width"": 16, ""data_width"": 16, ""sram_bytes"": 262144, ""queue_depth"": 2, ""divider_stages"": 8, ""bank_count"": 32}, ""feasible"": true, ""metrics"": {""cycles"": 25652.68389043134, ""compute_cycles"": 22641.380309295095, ""memory_slowdown"": 1.133, ""memory_slowdown_source"": ""measured:xm"", ""clock_period_ns"": 2.528, ""max_frequency_mhz"": 395.56962025316454, ""seconds"": 6.484998487501043e-05, ""pe_utilization"": 0.8698824707106907, ""throughput"": 7895144.478241756, ""dram_bytes"": 13412708.545454545, ""area"": 2988802.2208, ""power"": 743.6162518810235, ""energy_j"": 4.822350268729632e-05, ""energy_efficiency_tasks_per_j"": 20736.776556536475, ""energy_scope"": ""partial-model:execute-array-dynamic+sram-leakage"", ""edp"": 3.1272934198911912e-09}, ""violations"": [], ""model_frontier_extended"": true, ""independent_improvement"": null, ""independent_module_verified"": false, ""independent_observations"": [{""design_id"": ""18d02cab55bb411fd789382918af520fd04e9eea2142bfd1aadc8bb20aabf0ad"", ""scope"": ""BlockScheduler, 32 rows x 8 PE, M=32; not full attention"", ""function_passed"": true, ""frequency_feasible"": false, ""metrics"": {""queue_depth"": 2.0, ""rows"": 32.0, ""pe"": 8.0, ""imbalance"": 1.329141, ""row_util"": 0.858381, ""pe_util"": 0.858381, ""cycles"": 220.0, ""area_um2"": 41951.658, ""cells"": 16832.0, ""estimated_power_mw"": 8.168453000000001, ""assumed_activity"": 0.0213, ""critical_path_ns"": 2.8915, ""sta_period_ns"": 2.857142857142857, ""slack_ns"": -0.0701, ""max_frequency_mhz"": 341.6183927342648}, ""latency_s"": null, ""identity_ok"": true, ""complete_captured_task"": true, ""sources_unchanged"": true, ""frequency_matches"": true, ""source"": {""model"": ""TinyLlama/TinyLlama-1.1B-intermediate-step-1431k-3T"", ""dataset"": ""wiki"", ""layer"": 10, ""seq_len"": 512, ""seed"": 20260903, ""head"": 0, ""token_sha256"": ""72f72a42f8d647ef0db223e6b033d5cb32edc2e9cf91a95cf93eafe6710422e6""}, ""log_uri"": ""/scratch/gz2522/gz2522/tmp/micro-hackthon/runs/critic_ablation_20260911/runs/main32_no_independent_s2/18d02cab55bb411fd789382918af520fd04e9eea2142bfd1aadc8bb20aabf0ad/rtl/validation.json""}], ""independent_constraint_recovered"": false, ""independent_energy_improvement"": null, ""independent_scope"": ""scheduler only; constraint recovery is not a whole-task Pareto gain""}"
main32_no_independent_s2,16ee52a4ffc085453ad45fd23b26ba1ca3062fd63a2a614daeb3533602a50e24,repair,continue,"The current best point (history.3) has queue_depth=2, which is better than queue_depth=4 (history.2) because the frequency improvement (362 -> 395 MHz) outweighed the cycle penalty, resulting in lower latency and energy. This suggests that reducing queue_depth is beneficial for this design. I propose reducing queue_depth further from 2 to 0. The hypothesis is that the expected increase in frequenc","[""history.2.metrics.seconds"", ""history.3.metrics.seconds"", ""history.2.metrics.energy_j"", ""history.3.metrics.energy_j"", ""history.2.metrics.max_frequency_mhz"", ""history.3.metrics.max_frequency_mhz"", ""history.2.metrics.cycles"", ""history.3.metrics.cycles""]","[{""layer"": ""compiler"", ""field"": ""queue_depth"", ""operation"": ""set"", ""value"": 0, ""expected_effect"": ""Decrease seconds and energy_j. We expect frequency to increase and area to decrease, while cycles will likely increase. The net effect should be an improvement on the Pareto frontier."", ""risk"": ""The increase in cycles from removing the queue entirely could be larger than the benefit from any frequency improvement, leading to an increase in total seconds.""}]",,"{""state"": ""evaluated"", ""before"": {""tile_q"": 64, ""tile_k"": 64, ""tile_d"": 64, ""parallelism"": 16, ""double_buffer"": true, ""num_rows"": 32, ""pe_per_row"": 8, ""reg_width"": 16, ""data_width"": 16, ""sram_bytes"": 262144, ""queue_depth"": 2, ""divider_stages"": 8, ""bank_count"": 32}, ""after"": {""tile_q"": 64, ""tile_k"": 64, ""tile_d"": 64, ""parallelism"": 16, ""double_buffer"": true, ""num_rows"": 32, ""pe_per_row"": 8, ""reg_width"": 16, ""data_width"": 16, ""sram_bytes"": 262144, ""queue_depth"": 0, ""divider_stages"": 8, ""bank_count"": 32}, ""feasible"": true, ""metrics"": {""cycles"": 32328.41158535653, ""compute_cycles"": 28533.461240385288, ""memory_slowdown"": 1.133, ""memory_slowdown_source"": ""measured:xm"", ""clock_period_ns"": 2.273, ""max_frequency_mhz"": 439.94720633523974, ""seconds"": 7.348247953351541e-05, ""pe_utilization"": 0.690254143295938, ""throughput"": 6967647.298380514, ""dram_bytes"": 13412708.545454545, ""area"": 2953816.8208, ""power"": 600.603362726494, ""energy_j"": 4.413382430931012e-05, ""energy_efficiency_tasks_per_j"": 22658.358201445233, ""energy_scope"": ""partial-model:execute-array-dynamic+sram-leakage"", ""edp"": 3.2430628415446456e-09}, ""violations"": [], ""model_frontier_extended"": true, ""independent_improvement"": null, ""independent_module_verified"": true, ""independent_observations"": [{""design_id"": ""d8ecd6b60c1a73b52ceddd3709c7dec443bdbd9cfc4ebf5bb939e083738c8cca"", ""scope"": ""BlockScheduler, 32 rows x 8 PE, M=32; not full attention"", ""function_passed"": true, ""frequency_feasible"": true, ""metrics"": {""queue_depth"": 0.0, ""rows"": 32.0, ""pe"": 8.0, ""imbalance"": 1.329141, ""row_util"": 0.752366, ""pe_util"": 0.752366, ""cycles"": 251.0, ""area_um2"": 13940.262, ""cells"": 6152.0, ""estimated_power_mw"": 2.799779, ""assumed_activity"": 0.0213, ""critical_path_ns"": 2.4835, ""sta_period_ns"": 2.857142857142857, ""slack_ns"": 0.3378, ""max_frequency_mhz"": 396.92890436281573}, ""latency_s"": 7.171428571428571e-07, ""identity_ok"": true, ""complete_captured_task"": true, ""sources_unchanged"": true, ""frequency_matches"": true, ""source"": {""model"": ""TinyLlama/TinyLlama-1.1B-intermediate-step-1431k-3T"", ""dataset"": ""wiki"", ""layer"": 10, ""seq_len"": 512, ""seed"": 20260903, ""head"": 0, ""token_sha256"": ""72f72a42f8d647ef0db223e6b033d5cb32edc2e9cf91a95cf93eafe6710422e6""}, ""log_uri"": ""/scratch/gz2522/gz2522/tmp/micro-hackthon/runs/critic_ablation_20260911/runs/main32_no_independent_s2/d8ecd6b60c1a73b52ceddd3709c7dec443bdbd9cfc4ebf5bb939e083738c8cca/rtl/validation.json""}], ""independent_constraint_recovered"": true, ""independent_energy_improvement"": null, ""independent_scope"": ""scheduler only; constraint recovery is not a whole-task Pareto gain""}"
main32_no_independent_s2,b77201ffa1ef3ddecbb23403aea1b2dd6f1fd2911bc7a0d34fd8ec823fc5faca,repair,continue,"The history shows two Pareto-optimal points: history.3, which is fastest (6.48e-05 s), and history.4 (the parent), which has the lowest energy (4.41e-05 J). The exploration of `queue_depth` from 4 down to 0 has yielded these points, but also shows diminishing returns, with `queue_depth=0` increasing latency compared to `queue_depth=2`. To find a new Pareto point, I will modify a different paramete","[""history.3.metrics.seconds"", ""history.4.metrics.energy_j"", ""history.4.metrics.max_frequency_mhz"", ""history.0.metrics.area"", ""history.1.metrics.area"", ""history.0.metrics.seconds"", ""history.1.metrics.seconds""]","[{""layer"": ""compiler"", ""field"": ""divider_stages"", ""operation"": ""set"", ""value"": 4, ""expected_effect"": ""Reduce area and power, leading to energy_j < 4.413e-05 J. This should create a new Pareto-optimal point, as the parent point already has the lowest energy observed."", ""risk"": ""The divider may become the new critical path, reducing max_frequency. While there is significant headroom, a large frequency drop could increase seconds, making the new point dominated by the parent.""}]",,"{""state"": ""evaluated"", ""before"": {""tile_q"": 64, ""tile_k"": 64, ""tile_d"": 64, ""parallelism"": 16, ""double_buffer"": true, ""num_rows"": 32, ""pe_per_row"": 8, ""reg_width"": 16, ""data_width"": 16, ""sram_bytes"": 262144, ""queue_depth"": 0, ""divider_stages"": 8, ""bank_count"": 32}, ""after"": {""tile_q"": 64, ""tile_k"": 64, ""tile_d"": 64, ""parallelism"": 16, ""double_buffer"": true, ""num_rows"": 32, ""pe_per_row"": 8, ""reg_width"": 16, ""data_width"": 16, ""sram_bytes"": 262144, ""queue_depth"": 0, ""divider_stages"": 4, ""bank_count"": 32}, ""feasible"": false, ""metrics"": {""cycles"": 32328.41158535653, ""compute_cycles"": 28533.461240385288, ""memory_slowdown"": 1.133, ""memory_slowdown_source"": ""measured:xm"", ""clock_period_ns"": 3.269, ""max_frequency_mhz"": 305.9039461609055, ""seconds"": 0.00010568157747253052, ""pe_utilization"": 0.690254143295938, ""throughput"": 4844742.21756467, ""dram_bytes"": 13412708.545454545, ""area"": 2913759.2208, ""power"": 600.603362726494, ""energy_j"": 6.347271080824232e-05, ""energy_efficiency_tasks_per_j"": 15754.802138845216, ""energy_scope"": ""partial-model:execute-array-dynamic+sram-leakage"", ""edp"": 6.707896204672786e-09}, ""violations"": [""clock 306 MHz (period 3.269 ns) is below the target 350 MHz""], ""model_frontier_extended"": false, ""independent_improvement"": null}"
main32_local_random_s2,39e0ffefc4c6dd97d4d2b12622c40892b48f1d420a7477b059c3aca1d59880f4,repair,continue,Uniform random untried single-field intervention; no diagnosis,"[""domains"", ""parent_point""]","[{""layer"": ""compiler"", ""field"": ""tile_k"", ""operation"": ""set"", ""value"": 32, ""expected_effect"": ""measure the outcome of this local random control"", ""risk"": ""may worsen or fail constraints""}]",,"{""state"": ""evaluated"", ""before"": {""tile_q"": 64, ""tile_k"": 64, ""tile_d"": 64, ""parallelism"": 16, ""double_buffer"": true, ""num_rows"": 32, ""pe_per_row"": 8, ""reg_width"": 32, ""data_width"": 16, ""sram_bytes"": 262144, ""queue_depth"": 4, ""divider_stages"": 12, ""bank_count"": 32}, ""after"": {""tile_q"": 64, ""tile_k"": 32, ""tile_d"": 64, ""parallelism"": 16, ""double_buffer"": true, ""num_rows"": 32, ""pe_per_row"": 8, ""reg_width"": 32, ""data_width"": 16, ""sram_bytes"": 262144, ""queue_depth"": 4, ""divider_stages"": 12, ""bank_count"": 32}, ""feasible"": true, ""metrics"": {""cycles"": 24317.538351446306, ""compute_cycles"": 21462.964123077058, ""memory_slowdown"": 1.133, ""memory_slowdown_source"": ""measured:xm"", ""clock_period_ns"": 2.76, ""max_frequency_mhz"": 362.3188405797102, ""seconds"": 6.711640584999181e-05, ""pe_utilization"": 0.9176430492456304, ""throughput"": 7628537.218520656, ""dram_bytes"": 13412708.545454545, ""area"": 3071032.5616, ""power"": 781.641314087401, ""energy_j"": 5.2460955665410925e-05, ""energy_efficiency_tasks_per_j"": 19061.79533552283, ""energy_scope"": ""partial-model:execute-array-dynamic+sram-leakage"", ""edp"": 3.5209907917181466e-09}, ""violations"": [], ""model_frontier_extended"": true, ""independent_improvement"": null, ""independent_module_verified"": false, ""independent_observations"": [{""design_id"": ""a52d80cbb19b591cf80922c4faf75f69f1b140fb5bf35c7750abaf9f298ea700"", ""scope"": ""BlockScheduler, 32 rows x 8 PE, M=32; not full attention"", ""function_passed"": true, ""frequency_feasible"": false, ""metrics"": {""queue_depth"": 4.0, ""rows"": 32.0, ""pe"": 8.0, ""imbalance"": 1.329141, ""row_util"": 0.874277, ""pe_util"": 0.874277, ""cycles"": 216.0, ""area_um2"": 69011.04, ""cells"": 26958.0, ""estimated_power_mw"": 13.31611, ""assumed_activity"": 0.0213, ""critical_path_ns"": 3.051, ""sta_period_ns"": 2.857142857142857, ""slack_ns"": -0.2286, ""max_frequency_mhz"": 324.07107341598686}, ""latency_s"": null, ""identity_ok"": true, ""complete_captured_task"": true, ""sources_unchanged"": true, ""frequency_matches"": true, ""source"": {""model"": ""TinyLlama/TinyLlama-1.1B-intermediate-step-1431k-3T"", ""dataset"": ""wiki"", ""layer"": 10, ""seq_len"": 512, ""seed"": 20260903, ""head"": 0, ""token_sha256"": ""72f72a42f8d647ef0db223e6b033d5cb32edc2e9cf91a95cf93eafe6710422e6""}, ""log_uri"": ""/scratch/gz2522/gz2522/tmp/micro-hackthon/runs/critic_ablation_20260911/runs/main32_local_random_s2/a52d80cbb19b591cf80922c4faf75f69f1b140fb5bf35c7750abaf9f298ea700/rtl/validation.json""}], ""independent_constraint_recovered"": false, ""independent_energy_improvement"": null, ""independent_scope"": ""scheduler only; constraint recovery is not a whole-task Pareto gain""}"
main32_local_random_s2,0792c5a1abed23416d316857abed530827caa57695b9809da57264b208467ed7,repair,continue,Uniform random untried single-field intervention; no diagnosis,"[""domains"", ""parent_point""]","[{""layer"": ""compiler"", ""field"": ""parallelism"", ""operation"": ""set"", ""value"": 4, ""expected_effect"": ""measure the outcome of this local random control"", ""risk"": ""may worsen or fail constraints""}]",,"{""state"": ""evaluated"", ""before"": {""tile_q"": 64, ""tile_k"": 32, ""tile_d"": 64, ""parallelism"": 16, ""double_buffer"": true, ""num_rows"": 32, ""pe_per_row"": 8, ""reg_width"": 32, ""data_width"": 16, ""sram_bytes"": 262144, ""queue_depth"": 4, ""divider_stages"": 12, ""bank_count"": 32}, ""after"": {""tile_q"": 64, ""tile_k"": 32, ""tile_d"": 64, ""parallelism"": 4, ""double_buffer"": true, ""num_rows"": 32, ""pe_per_row"": 8, ""reg_width"": 32, ""data_width"": 16, ""sram_bytes"": 262144, ""queue_depth"": 4, ""divider_stages"": 12, ""bank_count"": 32}, ""feasible"": true, ""metrics"": {""cycles"": 24317.538351446306, ""compute_cycles"": 21462.964123077058, ""memory_slowdown"": 1.133, ""memory_slowdown_source"": ""measured:xm"", ""clock_period_ns"": 2.76, ""max_frequency_mhz"": 362.3188405797102, ""seconds"": 6.711640584999181e-05, ""pe_utilization"": 0.9176430492456304, ""throughput"": 7628537.218520656, ""dram_bytes"": 13412708.545454545, ""area"": 3071032.5616, ""power"": 781.641314087401, ""energy_j"": 5.2460955665410925e-05, ""energy_efficiency_tasks_per_j"": 19061.79533552283, ""energy_scope"": ""partial-model:execute-array-dynamic+sram-leakage"", ""edp"": 3.5209907917181466e-09}, ""violations"": [], ""model_frontier_extended"": true, ""independent_improvement"": null, ""independent_module_verified"": false, ""independent_observations"": [{""design_id"": ""82f3ef465a36d11687c8b7fc32d2513b53802d76ffbb398fd07d357c01cc2e3c"", ""scope"": ""BlockScheduler, 32 rows x 8 PE, M=32; not full attention"", ""function_passed"": true, ""frequency_feasible"": false, ""metrics"": {""queue_depth"": 4.0, ""rows"": 32.0, ""pe"": 8.0, ""imbalance"": 1.329141, ""row_util"": 0.874277, ""pe_util"": 0.874277, ""cycles"": 216.0, ""area_um2"": 69011.04, ""cells"": 26958.0, ""estimated_power_mw"": 13.31611, ""assumed_activity"": 0.0213, ""critical_path_ns"": 3.051, ""sta_period_ns"": 2.857142857142857, ""slack_ns"": -0.2286, ""max_frequency_mhz"": 324.07107341598686}, ""latency_s"": null, ""identity_ok"": true, ""complete_captured_task"": true, ""sources_unchanged"": true, ""frequency_matches"": true, ""source"": {""model"": ""TinyLlama/TinyLlama-1.1B-intermediate-step-1431k-3T"", ""dataset"": ""wiki"", ""layer"": 10, ""seq_len"": 512, ""seed"": 20260903, ""head"": 0, ""token_sha256"": ""72f72a42f8d647ef0db223e6b033d5cb32edc2e9cf91a95cf93eafe6710422e6""}, ""log_uri"": ""/scratch/gz2522/gz2522/tmp/micro-hackthon/runs/critic_ablation_20260911/runs/main32_local_random_s2/82f3ef465a36d11687c8b7fc32d2513b53802d76ffbb398fd07d357c01cc2e3c/rtl/validation.json""}], ""independent_constraint_recovered"": false, ""independent_energy_improvement"": null, ""independent_scope"": ""scheduler only; constraint recovery is not a whole-task Pareto gain""}"
main32_local_random_s2,f0d2602b4e598ef3c17f76174e9318a13055ba672d7a0c6c00ee69928cdccbcb,repair,continue,Uniform random untried single-field intervention; no diagnosis,"[""domains"", ""parent_point""]","[{""layer"": ""compiler"", ""field"": ""tile_d"", ""operation"": ""set"", ""value"": 32, ""expected_effect"": ""measure the outcome of this local random control"", ""risk"": ""may worsen or fail constraints""}]",,"{""state"": ""evaluated"", ""before"": {""tile_q"": 64, ""tile_k"": 32, ""tile_d"": 64, ""parallelism"": 4, ""double_buffer"": true, ""num_rows"": 32, ""pe_per_row"": 8, ""reg_width"": 32, ""data_width"": 16, ""sram_bytes"": 262144, ""queue_depth"": 4, ""divider_stages"": 12, ""bank_count"": 32}, ""after"": {""tile_q"": 64, ""tile_k"": 32, ""tile_d"": 32, ""parallelism"": 4, ""double_buffer"": true, ""num_rows"": 32, ""pe_per_row"": 8, ""reg_width"": 32, ""data_width"": 16, ""sram_bytes"": 262144, ""queue_depth"": 4, ""divider_stages"": 12, ""bank_count"": 32}, ""feasible"": true, ""metrics"": {""cycles"": 24317.538351446306, ""compute_cycles"": 21462.964123077058, ""memory_slowdown"": 1.133, ""memory_slowdown_source"": ""measured:xm"", ""clock_period_ns"": 2.76, ""max_frequency_mhz"": 362.3188405797102, ""seconds"": 6.711640584999181e-05, ""pe_utilization"": 0.9176430492456304, ""throughput"": 7628537.218520656, ""dram_bytes"": 13412708.545454545, ""area"": 3071032.5616, ""power"": 781.641314087401, ""energy_j"": 5.2460955665410925e-05, ""energy_efficiency_tasks_per_j"": 19061.79533552283, ""energy_scope"": ""partial-model:execute-array-dynamic+sram-leakage"", ""edp"": 3.5209907917181466e-09}, ""violations"": [], ""model_frontier_extended"": true, ""independent_improvement"": null, ""independent_module_verified"": false, ""independent_observations"": [{""design_id"": ""fea292b3a359a9b68c8aa37f46a30980e81fd46dcafcf177ba4583d03e3d0a67"", ""scope"": ""BlockScheduler, 32 rows x 8 PE, M=32; not full attention"", ""function_passed"": true, ""frequency_feasible"": false, ""metrics"": {""queue_depth"": 4.0, ""rows"": 32.0, ""pe"": 8.0, ""imbalance"": 1.329141, ""row_util"": 0.874277, ""pe_util"": 0.874277, ""cycles"": 216.0, ""area_um2"": 69011.04, ""cells"": 26958.0, ""estimated_power_mw"": 13.31611, ""assumed_activity"": 0.0213, ""critical_path_ns"": 3.051, ""sta_period_ns"": 2.857142857142857, ""slack_ns"": -0.2286, ""max_frequency_mhz"": 324.07107341598686}, ""latency_s"": null, ""identity_ok"": true, ""complete_captured_task"": true, ""sources_unchanged"": true, ""frequency_matches"": true, ""source"": {""model"": ""TinyLlama/TinyLlama-1.1B-intermediate-step-1431k-3T"", ""dataset"": ""wiki"", ""layer"": 10, ""seq_len"": 512, ""seed"": 20260903, ""head"": 0, ""token_sha256"": ""72f72a42f8d647ef0db223e6b033d5cb32edc2e9cf91a95cf93eafe6710422e6""}, ""log_uri"": ""/scratch/gz2522/gz2522/tmp/micro-hackthon/runs/critic_ablation_20260911/runs/main32_local_random_s2/fea292b3a359a9b68c8aa37f46a30980e81fd46dcafcf177ba4583d03e3d0a67/rtl/validation.json""}], ""independent_constraint_recovered"": false, ""independent_energy_improvement"": null, ""independent_scope"": ""scheduler only; constraint recovery is not a whole-task Pareto gain""}"
main32_local_random_s2,2ecdb1b5d072b578c05b8ae2b1ebe72d21f60837e839a58cf15f949bbf773d71,repair,continue,Uniform random untried single-field intervention; no diagnosis,"[""domains"", ""parent_point""]","[{""layer"": ""compiler"", ""field"": ""bank_count"", ""operation"": ""set"", ""value"": 16, ""expected_effect"": ""measure the outcome of this local random control"", ""risk"": ""may worsen or fail constraints""}]",,"{""state"": ""evaluated"", ""before"": {""tile_q"": 64, ""tile_k"": 32, ""tile_d"": 32, ""parallelism"": 4, ""double_buffer"": true, ""num_rows"": 32, ""pe_per_row"": 8, ""reg_width"": 32, ""data_width"": 16, ""sram_bytes"": 262144, ""queue_depth"": 4, ""divider_stages"": 12, ""bank_count"": 32}, ""after"": {""tile_q"": 64, ""tile_k"": 32, ""tile_d"": 32, ""parallelism"": 4, ""double_buffer"": true, ""num_rows"": 32, ""pe_per_row"": 8, ""reg_width"": 32, ""data_width"": 16, ""sram_bytes"": 262144, ""queue_depth"": 4, ""divider_stages"": 12, ""bank_count"": 16}, ""feasible"": true, ""metrics"": {""cycles"": 32752.48325181559, ""compute_cycles"": 21462.964123077058, ""memory_slowdown"": 1.526, ""memory_slowdown_source"": ""measured:xm"", ""clock_period_ns"": 2.76, ""max_frequency_mhz"": 362.3188405797102, ""seconds"": 9.039685377501102e-05, ""pe_utilization"": 0.9176430492456304, ""throughput"": 5663913.93747307, ""dram_bytes"": 13412708.545454545, ""area"": 3065252.9616, ""power"": 781.641314087401, ""energy_j"": 7.065791557406625e-05, ""energy_efficiency_tasks_per_j"": 14152.696012547423, ""energy_scope"": ""partial-model:execute-array-dynamic+sram-leakage"", ""edp"": 6.387253262195941e-09}, ""violations"": [], ""model_frontier_extended"": true, ""independent_improvement"": null, ""independent_module_verified"": false, ""independent_observations"": [{""design_id"": ""d1a940c39fb7c04413cde8f2a161c228c12c7906e733677336a95e8f3d4b844c"", ""scope"": ""BlockScheduler, 32 rows x 8 PE, M=32; not full attention"", ""function_passed"": true, ""frequency_feasible"": false, ""metrics"": {""queue_depth"": 4.0, ""rows"": 32.0, ""pe"": 8.0, ""imbalance"": 1.329141, ""row_util"": 0.874277, ""pe_util"": 0.874277, ""cycles"": 216.0, ""area_um2"": 69011.04, ""cells"": 26958.0, ""estimated_power_mw"": 13.31611, ""assumed_activity"": 0.0213, ""critical_path_ns"": 3.051, ""sta_period_ns"": 2.857142857142857, ""slack_ns"": -0.2286, ""max_frequency_mhz"": 324.07107341598686}, ""latency_s"": null, ""identity_ok"": true, ""complete_captured_task"": true, ""sources_unchanged"": true, ""frequency_matches"": true, ""source"": {""model"": ""TinyLlama/TinyLlama-1.1B-intermediate-step-1431k-3T"", ""dataset"": ""wiki"", ""layer"": 10, ""seq_len"": 512, ""seed"": 20260903, ""head"": 0, ""token_sha256"": ""72f72a42f8d647ef0db223e6b033d5cb32edc2e9cf91a95cf93eafe6710422e6""}, ""log_uri"": ""/scratch/gz2522/gz2522/tmp/micro-hackthon/runs/critic_ablation_20260911/runs/main32_local_random_s2/d1a940c39fb7c04413cde8f2a161c228c12c7906e733677336a95e8f3d4b844c/rtl/validation.json""}], ""independent_constraint_recovered"": false, ""independent_energy_improvement"": null, ""independent_scope"": ""scheduler only; constraint recovery is not a whole-task Pareto gain""}"
main32_local_random_s2,a011561a1feb01827635eef459f5d6a2a1178ca46dd8f849ba5fd1a514faf729,repair,continue,Uniform random untried single-field intervention; no diagnosis,"[""domains"", ""parent_point""]","[{""layer"": ""compiler"", ""field"": ""double_buffer"", ""operation"": ""set"", ""value"": false, ""expected_effect"": ""measure the outcome of this local random control"", ""risk"": ""may worsen or fail constraints""}]",,"{""state"": ""evaluated"", ""before"": {""tile_q"": 64, ""tile_k"": 32, ""tile_d"": 32, ""parallelism"": 4, ""double_buffer"": true, ""num_rows"": 32, ""pe_per_row"": 8, ""reg_width"": 32, ""data_width"": 16, ""sram_bytes"": 262144, ""queue_depth"": 4, ""divider_stages"": 12, ""bank_count"": 16}, ""after"": {""tile_q"": 64, ""tile_k"": 32, ""tile_d"": 32, ""parallelism"": 4, ""double_buffer"": false, ""num_rows"": 32, ""pe_per_row"": 8, ""reg_width"": 32, ""data_width"": 16, ""sram_bytes"": 262144, ""queue_depth"": 4, ""divider_stages"": 12, ""bank_count"": 16}, ""feasible"": true, ""metrics"": {""cycles"": 32752.48325181559, ""compute_cycles"": 21462.964123077058, ""memory_slowdown"": 1.526, ""memory_slowdown_source"": ""measured:xm"", ""clock_period_ns"": 2.76, ""max_frequency_mhz"": 362.3188405797102, ""seconds"": 9.039685377501102e-05, ""pe_utilization"": 0.9176430492456304, ""throughput"": 5663913.93747307, ""dram_bytes"": 13412708.545454545, ""area"": 3065252.9616, ""power"": 781.641314087401, ""energy_j"": 7.065791557406625e-05, ""energy_efficiency_tasks_per_j"": 14152.696012547423, ""energy_scope"": ""partial-model:execute-array-dynamic+sram-leakage"", ""edp"": 6.387253262195941e-09}, ""violations"": [], ""model_frontier_extended"": true, ""independent_improvement"": null, ""independent_module_verified"": false, ""independent_observations"": [{""design_id"": ""3115d84d33db9498c7087448d32861434e7370d28b0794d95d108c1dd7a60405"", ""scope"": ""BlockScheduler, 32 rows x 8 PE, M=32; not full attention"", ""function_passed"": true, ""frequency_feasible"": false, ""metrics"": {""queue_depth"": 4.0, ""rows"": 32.0, ""pe"": 8.0, ""imbalance"": 1.329141, ""row_util"": 0.874277, ""pe_util"": 0.874277, ""cycles"": 216.0, ""area_um2"": 69011.04, ""cells"": 26958.0, ""estimated_power_mw"": 13.31611, ""assumed_activity"": 0.0213, ""critical_path_ns"": 3.051, ""sta_period_ns"": 2.857142857142857, ""slack_ns"": -0.2286, ""max_frequency_mhz"": 324.07107341598686}, ""latency_s"": null, ""identity_ok"": true, ""complete_captured_task"": true, ""sources_unchanged"": true, ""frequency_matches"": true, ""source"": {""model"": ""TinyLlama/TinyLlama-1.1B-intermediate-step-1431k-3T"", ""dataset"": ""wiki"", ""layer"": 10, ""seq_len"": 512, ""seed"": 20260903, ""head"": 0, ""token_sha256"": ""72f72a42f8d647ef0db223e6b033d5cb32edc2e9cf91a95cf93eafe6710422e6""}, ""log_uri"": ""/scratch/gz2522/gz2522/tmp/micro-hackthon/runs/critic_ablation_20260911/runs/main32_local_random_s2/3115d84d33db9498c7087448d32861434e7370d28b0794d95d108c1dd7a60405/rtl/validation.json""}], ""independent_constraint_recovered"": false, ""independent_energy_improvement"": null, ""independent_scope"": ""scheduler only; constraint recovery is not a whole-task Pareto gain""}"
confirm16_llm_s0,6938b9d6d56a439e0949c396b354ca50a189843506c0c34780133979396996b3,repair,continue,"The parent configuration failed to meet the 350 MHz frequency target, with synthesis of the BlockScheduler showing negative slack (-0.0624 ns). The evidence from validation.0 indicates the critical path is too long. To address this, I propose reducing the scheduler's queue_depth from 4 to 2. A shallower queue simplifies the scheduler logic, which is expected to reduce the critical path delay and a","[""validation.0.frequency_feasible"", ""validation.0.metrics.slack_ns"", ""parent_point.queue_depth""]","[{""layer"": ""compiler"", ""field"": ""queue_depth"", ""operation"": ""set"", ""value"": 2, ""expected_effect"": ""Reduce critical path delay in the BlockScheduler, resulting in positive timing slack and `frequency_feasible: true` for the 350 MHz target."", ""risk"": ""A shallower queue may increase stalls if the datapath cannot be fed quickly enough, potentially increasing overall cycle count and reducing performance. This is an acceptable trade-off to achieve timing closure.""}]",,"{""state"": ""evaluated"", ""before"": {""tile_q"": 32, ""tile_k"": 32, ""tile_d"": 64, ""parallelism"": 8, ""double_buffer"": false, ""num_rows"": 16, ""pe_per_row"": 8, ""reg_width"": 16, ""data_width"": 16, ""sram_bytes"": 131072, ""queue_depth"": 4, ""divider_stages"": 8, ""bank_count"": 16}, ""after"": {""tile_q"": 32, ""tile_k"": 32, ""tile_d"": 64, ""parallelism"": 8, ""double_buffer"": false, ""num_rows"": 16, ""pe_per_row"": 8, ""reg_width"": 16, ""data_width"": 16, ""sram_bytes"": 131072, ""queue_depth"": 2, ""divider_stages"": 8, ""bank_count"": 16}, ""feasible"": true, ""metrics"": {""cycles"": 67365.55273179508, ""compute_cycles"": 44145.18527640569, ""memory_slowdown"": 1.526, ""memory_slowdown_source"": ""measured:xm"", ""clock_period_ns"": 2.528, ""max_frequency_mhz"": 395.56962025316454, ""seconds"": 0.00017030011730597797, ""pe_utilization"": 0.8922984339257755, ""throughput"": 3006457.118758705, ""dram_bytes"": 13412708.545454545, ""area"": 1493721.5103999998, ""power"": 380.73147257717267, ""energy_j"": 6.483861444197024e-05, ""energy_efficiency_tasks_per_j"": 15422.908225390716, ""energy_scope"": ""partial-model:execute-array-dynamic+sram-leakage"", ""edp"": 1.1042023645424608e-08}, ""violations"": [], ""model_frontier_extended"": true, ""independent_improvement"": null, ""independent_module_verified"": true, ""independent_observations"": [{""design_id"": ""a160f04c809dbeb2bb900d0f60a3f14bbd7de054010d2d60c35205e8899b9b73"", ""scope"": ""BlockScheduler, 16 rows x 8 PE, M=32; not full attention"", ""function_passed"": true, ""frequency_feasible"": true, ""metrics"": {""queue_depth"": 2.0, ""rows"": 16.0, ""pe"": 8.0, ""imbalance"": 1.265597, ""row_util"": 0.903559, ""pe_util"": 0.903559, ""cycles"": 418.0, ""area_um2"": 21387.198, ""cells"": 8636.0, ""estimated_power_mw"": 4.162457, ""assumed_activity"": 0.0213, ""critical_path_ns"": 2.6061, ""sta_period_ns"": 2.857142857142857, ""slack_ns"": 0.2164, ""max_frequency_mhz"": 378.68132343712807}, ""latency_s"": 1.1942857142857144e-06, ""identity_ok"": true, ""complete_captured_task"": true, ""sources_unchanged"": true, ""frequency_matches"": true, ""source"": {""model"": ""TinyLlama/TinyLlama-1.1B-intermediate-step-1431k-3T"", ""dataset"": ""wiki"", ""layer"": 10, ""seq_len"": 512, ""seed"": 20260903, ""head"": 0, ""token_sha256"": ""72f72a42f8d647ef0db223e6b033d5cb32edc2e9cf91a95cf93eafe6710422e6""}, ""log_uri"": ""/scratch/gz2522/gz2522/tmp/micro-hackthon/runs/critic_ablation_20260911/runs/confirm16_llm_s0/a160f04c809dbeb2bb900d0f60a3f14bbd7de054010d2d60c35205e8899b9b73/rtl/validation.json""}], ""independent_constraint_recovered"": true, ""independent_energy_improvement"": null, ""independent_scope"": ""scheduler only; constraint recovery is not a whole-task Pareto gain""}"
confirm16_llm_s0,d36fccb559afcdfe33862e6a0af75b6da1de701cb5b8a9064254e98067074302,repair,continue,"The parent point (`history.1`) with `queue_depth=2` is superior to `history.0` with `queue_depth=4` in both latency (`1.70e-4s` vs `1.78e-4s`) and energy (`6.48e-5J` vs `7.06e-5J`). This improvement was achieved because the frequency gain from the shallower queue (`395MHz` vs `362MHz`) more than compensated for the increase in cycles (`67k` vs `64k`). Based on this successful trade-off, we propose","[""history.1.metrics.seconds"", ""history.0.metrics.seconds"", ""history.1.metrics.energy_j"", ""history.0.metrics.energy_j"", ""history.1.metrics.max_frequency_mhz"", ""history.0.metrics.max_frequency_mhz"", ""history.1.metrics.cycles"", ""history.0.metrics.cycles""]","[{""layer"": ""compiler"", ""field"": ""queue_depth"", ""operation"": ""set"", ""value"": 0, ""expected_effect"": ""Hypothesize that removing the queue will increase frequency more than it increases cycle count, leading to a net reduction in latency (seconds) and energy. This continues the successful trend observed when moving from queue_depth=4 to queue_depth=2."", ""risk"": ""Cycle count may increase significantly due to increased stalls, overwhelming any frequency benefit and resulting in a worse design point.""}]",,"{""state"": ""evaluated"", ""before"": {""tile_q"": 32, ""tile_k"": 32, ""tile_d"": 64, ""parallelism"": 8, ""double_buffer"": false, ""num_rows"": 16, ""pe_per_row"": 8, ""reg_width"": 16, ""data_width"": 16, ""sram_bytes"": 131072, ""queue_depth"": 2, ""divider_stages"": 8, ""bank_count"": 16}, ""after"": {""tile_q"": 32, ""tile_k"": 32, ""tile_d"": 64, ""parallelism"": 8, ""double_buffer"": false, ""num_rows"": 16, ""pe_per_row"": 8, ""reg_width"": 16, ""data_width"": 16, ""sram_bytes"": 131072, ""queue_depth"": 0, ""divider_stages"": 8, ""bank_count"": 16}, ""feasible"": true, ""metrics"": {""cycles"": 81876.30378913526, ""compute_cycles"": 53654.196454217075, ""memory_slowdown"": 1.526, ""memory_slowdown_source"": ""measured:xm"", ""clock_period_ns"": 2.273, ""max_frequency_mhz"": 439.94720633523974, ""seconds"": 0.00018610483851270445, ""pe_utilization"": 0.7341584124013845, ""throughput"": 2751137.499120144, ""dram_bytes"": 13412708.545454545, ""area"": 1476228.8103999998, ""power"": 317.7790928087431, ""energy_j"": 5.914022674988486e-05, ""energy_efficiency_tasks_per_j"": 16908.964590703854, ""energy_scope"": ""partial-model:execute-array-dynamic+sram-leakage"", ""edp"": 1.1006282348892045e-08}, ""violations"": [], ""model_frontier_extended"": true, ""independent_improvement"": null, ""independent_module_verified"": true, ""independent_observations"": [{""design_id"": ""7d5bcede175fd5bcbc70971c18a527d352fe5744e5282a82138c576130cd8371"", ""scope"": ""BlockScheduler, 16 rows x 8 PE, M=32; not full attention"", ""function_passed"": true, ""frequency_feasible"": true, ""metrics"": {""queue_depth"": 0.0, ""rows"": 16.0, ""pe"": 8.0, ""imbalance"": 1.265597, ""row_util"": 0.790141, ""pe_util"": 0.790141, ""cycles"": 478.0, ""area_um2"": 7374.318, ""cells"": 3321.0, ""estimated_power_mw"": 1.478434, ""assumed_activity"": 0.0213, ""critical_path_ns"": 2.364, ""sta_period_ns"": 2.857142857142857, ""slack_ns"": 0.4585, ""max_frequency_mhz"": 416.9024150561329}, ""latency_s"": 1.3657142857142857e-06, ""identity_ok"": true, ""complete_captured_task"": true, ""sources_unchanged"": true, ""frequency_matches"": true, ""source"": {""model"": ""TinyLlama/TinyLlama-1.1B-intermediate-step-1431k-3T"", ""dataset"": ""wiki"", ""layer"": 10, ""seq_len"": 512, ""seed"": 20260903, ""head"": 0, ""token_sha256"": ""72f72a42f8d647ef0db223e6b033d5cb32edc2e9cf91a95cf93eafe6710422e6""}, ""log_uri"": ""/scratch/gz2522/gz2522/tmp/micro-hackthon/runs/critic_ablation_20260911/runs/confirm16_llm_s0/7d5bcede175fd5bcbc70971c18a527d352fe5744e5282a82138c576130cd8371/rtl/validation.json""}], ""independent_constraint_recovered"": false, ""independent_energy_improvement"": null, ""independent_scope"": ""scheduler only; constraint recovery is not a whole-task Pareto gain""}"
confirm16_llm_s0,c27adee3736d34facabce36a4fb4bd5148fd214d98022c81fc32bf76d24defdc,repair,continue,"The parent point (queue_depth=0) exhibits low PE utilization (0.73) and high cycle count, indicating significant stalls. Historical data shows that adding a queue (queue_depth=2) improved utilization and reduced overall latency (seconds), despite a small frequency drop. This, along with a consistent memory_slowdown of 1.526, points to a memory-related bottleneck. I propose enabling double_buffer t","[""history.2.metrics.pe_utilization"", ""history.2.metrics.seconds"", ""history.1.metrics.seconds"", ""history.2.metrics.memory_slowdown"", ""history.2.metrics.area"", ""constraints.max_area_um2""]","[{""layer"": ""compiler"", ""field"": ""double_buffer"", ""operation"": ""set"", ""value"": true, ""expected_effect"": ""Reduce total cycles and execution time (seconds) by hiding memory latency, improving PE utilization. This is expected to yield a new point on the (seconds, energy_j) Pareto frontier, trading increased area and power for lower latency."", ""risk"": ""The additional registers for the buffer will increase area and power. There is a small risk of reducing the maximum frequency due to new timing paths in the buffer control logic, but the current design has significant frequency slack.""}]",,"{""state"": ""evaluated"", ""before"": {""tile_q"": 32, ""tile_k"": 32, ""tile_d"": 64, ""parallelism"": 8, ""double_buffer"": false, ""num_rows"": 16, ""pe_per_row"": 8, ""reg_width"": 16, ""data_width"": 16, ""sram_bytes"": 131072, ""queue_depth"": 0, ""divider_stages"": 8, ""bank_count"": 16}, ""after"": {""tile_q"": 32, ""tile_k"": 32, ""tile_d"": 64, ""parallelism"": 8, ""double_buffer"": true, ""num_rows"": 16, ""pe_per_row"": 8, ""reg_width"": 16, ""data_width"": 16, ""sram_bytes"": 131072, ""queue_depth"": 0, ""divider_stages"": 8, ""bank_count"": 16}, ""feasible"": true, ""metrics"": {""cycles"": 81876.30378913526, ""compute_cycles"": 53654.196454217075, ""memory_slowdown"": 1.526, ""memory_slowdown_source"": ""measured:xm"", ""clock_period_ns"": 2.273, ""max_frequency_mhz"": 439.94720633523974, ""seconds"": 0.00018610483851270445, ""pe_utilization"": 0.7341584124013845, ""throughput"": 2751137.499120144, ""dram_bytes"": 13412708.545454545, ""area"": 1476228.8103999998, ""power"": 317.7790928087431, ""energy_j"": 5.914022674988486e-05, ""energy_efficiency_tasks_per_j"": 16908.964590703854, ""energy_scope"": ""partial-model:execute-array-dynamic+sram-leakage"", ""edp"": 1.1006282348892045e-08}, ""violations"": [], ""model_frontier_extended"": false, ""independent_improvement"": null, ""independent_module_verified"": true, ""independent_observations"": [{""design_id"": ""30c1a0a3cae95f291cda40c3c64feb2be48919698e3aab25e4ff819040095c2f"", ""scope"": ""BlockScheduler, 16 rows x 8 PE, M=32; not full attention"", ""function_passed"": true, ""frequency_feasible"": true, ""metrics"": {""queue_depth"": 0.0, ""rows"": 16.0, ""pe"": 8.0, ""imbalance"": 1.265597, ""row_util"": 0.790141, ""pe_util"": 0.790141, ""cycles"": 478.0, ""area_um2"": 7374.318, ""cells"": 3321.0, ""estimated_power_mw"": 1.478434, ""assumed_activity"": 0.0213, ""critical_path_ns"": 2.364, ""sta_period_ns"": 2.857142857142857, ""slack_ns"": 0.4585, ""max_frequency_mhz"": 416.9024150561329}, ""latency_s"": 1.3657142857142857e-06, ""identity_ok"": true, ""complete_captured_task"": true, ""sources_unchanged"": true, ""frequency_matches"": true, ""source"": {""model"": ""TinyLlama/TinyLlama-1.1B-intermediate-step-1431k-3T"", ""dataset"": ""wiki"", ""layer"": 10, ""seq_len"": 512, ""seed"": 20260903, ""head"": 0, ""token_sha256"": ""72f72a42f8d647ef0db223e6b033d5cb32edc2e9cf91a95cf93eafe6710422e6""}, ""log_uri"": ""/scratch/gz2522/gz2522/tmp/micro-hackthon/runs/critic_ablation_20260911/runs/confirm16_llm_s0/30c1a0a3cae95f291cda40c3c64feb2be48919698e3aab25e4ff819040095c2f/rtl/validation.json""}], ""independent_constraint_recovered"": false, ""independent_energy_improvement"": null, ""independent_scope"": ""scheduler only; constraint recovery is not a whole-task Pareto gain""}"
confirm16_llm_s0,d2bcc8768bf3b75ac3a16263308acd7729486f64c9a52a68c443d0fc76d44203,repair,continue,"All evaluated points in the history exhibit a high memory_slowdown of 1.526, indicating that the architecture is spending over 50% of its compute time stalled on memory access. The current design uses 16 SRAM banks. To address this memory bottleneck, I propose increasing the number of banks to 32, which is the next largest option in the search space. This change is hypothesized to reduce bank conf","[""history.2.metrics.memory_slowdown"", ""domains.bank_count""]","[{""layer"": ""compiler"", ""field"": ""bank_count"", ""operation"": ""set"", ""value"": 32, ""expected_effect"": ""Reduce memory_slowdown and total cycles, leading to lower 'seconds'. This may create a new point on the (seconds, energy_j) Pareto frontier."", ""risk"": ""Increased area, power, and interconnect complexity from more banks may degrade timing (max_frequency_mhz) or increase energy consumption, potentially negating the performance gains.""}]",,"{""state"": ""evaluated"", ""before"": {""tile_q"": 32, ""tile_k"": 32, ""tile_d"": 64, ""parallelism"": 8, ""double_buffer"": true, ""num_rows"": 16, ""pe_per_row"": 8, ""reg_width"": 16, ""data_width"": 16, ""sram_bytes"": 131072, ""queue_depth"": 0, ""divider_stages"": 8, ""bank_count"": 16}, ""after"": {""tile_q"": 32, ""tile_k"": 32, ""tile_d"": 64, ""parallelism"": 8, ""double_buffer"": true, ""num_rows"": 16, ""pe_per_row"": 8, ""reg_width"": 16, ""data_width"": 16, ""sram_bytes"": 131072, ""queue_depth"": 0, ""divider_stages"": 8, ""bank_count"": 32}, ""feasible"": true, ""metrics"": {""cycles"": 60790.20458262795, ""compute_cycles"": 53654.196454217075, ""memory_slowdown"": 1.133, ""memory_slowdown_source"": ""measured:xm"", ""clock_period_ns"": 2.273, ""max_frequency_mhz"": 439.94720633523974, ""seconds"": 0.00013817613501631334, ""pe_utilization"": 0.7341584124013845, ""throughput"": 3705415.554860847, ""dram_bytes"": 13412708.545454545, ""area"": 1482008.4104, ""power"": 317.7790928087431, ""energy_j"": 4.3909486833302454e-05, ""energy_efficiency_tasks_per_j"": 22774.121770003603, ""energy_scope"": ""partial-model:execute-array-dynamic+sram-leakage"", ""edp"": 6.067243181175433e-09}, ""violations"": [], ""model_frontier_extended"": true, ""independent_improvement"": null, ""independent_module_verified"": true, ""independent_observations"": [{""design_id"": ""27f6d42a28682da9df02ea6e3be6a6ca28b9358f0e819c8124e9781514077908"", ""scope"": ""BlockScheduler, 16 rows x 8 PE, M=32; not full attention"", ""function_passed"": true, ""frequency_feasible"": true, ""metrics"": {""queue_depth"": 0.0, ""rows"": 16.0, ""pe"": 8.0, ""imbalance"": 1.265597, ""row_util"": 0.790141, ""pe_util"": 0.790141, ""cycles"": 478.0, ""area_um2"": 7374.318, ""cells"": 3321.0, ""estimated_power_mw"": 1.478434, ""assumed_activity"": 0.0213, ""critical_path_ns"": 2.364, ""sta_period_ns"": 2.857142857142857, ""slack_ns"": 0.4585, ""max_frequency_mhz"": 416.9024150561329}, ""latency_s"": 1.3657142857142857e-06, ""identity_ok"": true, ""complete_captured_task"": true, ""sources_unchanged"": true, ""frequency_matches"": true, ""source"": {""model"": ""TinyLlama/TinyLlama-1.1B-intermediate-step-1431k-3T"", ""dataset"": ""wiki"", ""layer"": 10, ""seq_len"": 512, ""seed"": 20260903, ""head"": 0, ""token_sha256"": ""72f72a42f8d647ef0db223e6b033d5cb32edc2e9cf91a95cf93eafe6710422e6""}, ""log_uri"": ""/scratch/gz2522/gz2522/tmp/micro-hackthon/runs/critic_ablation_20260911/runs/confirm16_llm_s0/27f6d42a28682da9df02ea6e3be6a6ca28b9358f0e819c8124e9781514077908/rtl/validation.json""}], ""independent_constraint_recovered"": false, ""independent_energy_improvement"": null, ""independent_scope"": ""scheduler only; constraint recovery is not a whole-task Pareto gain""}"
confirm16_llm_s0,2964b78f10c7136bd259780b70b12fd49d0eed5edd7a58f5aee8caaaec0d26e0,repair,continue,"The current best point (history.4) is the fastest and most energy-efficient so far, benefiting from a high memory bank count (32) that reduced memory slowdown. However, its memory slowdown is still 1.133, indicating a remaining memory access bottleneck. Historical data (history.1 vs history.2) shows that increasing `queue_depth` from 0 to 2 reduced overall latency (`seconds`) by hiding memory stal","[""history.4.metrics.memory_slowdown"", ""history.4.metrics.seconds"", ""history.4.metrics.energy_j"", ""history.1.metrics.seconds"", ""history.2.metrics.seconds"", ""history.1.point.queue_depth"", ""history.2.point.queue_depth""]","[{""layer"": ""compiler"", ""field"": ""queue_depth"", ""operation"": ""set"", ""value"": 2, ""expected_effect"": ""Reduces total cycles by hiding memory latency, leading to a decrease in `seconds`. This may come at the cost of a slight increase in `energy_j` and `area`, but should result in a better or new Pareto-optimal point."", ""risk"": ""The timing penalty from the added queue logic could be larger than the cycle reduction, leading to an overall increase in `seconds`. The increased power consumption could also make the design worse on both energy and latency.""}]",,"{""state"": ""evaluated"", ""before"": {""tile_q"": 32, ""tile_k"": 32, ""tile_d"": 64, ""parallelism"": 8, ""double_buffer"": true, ""num_rows"": 16, ""pe_per_row"": 8, ""reg_width"": 16, ""data_width"": 16, ""sram_bytes"": 131072, ""queue_depth"": 0, ""divider_stages"": 8, ""bank_count"": 32}, ""after"": {""tile_q"": 32, ""tile_k"": 32, ""tile_d"": 64, ""parallelism"": 8, ""double_buffer"": true, ""num_rows"": 16, ""pe_per_row"": 8, ""reg_width"": 16, ""data_width"": 16, ""sram_bytes"": 131072, ""queue_depth"": 2, ""divider_stages"": 8, ""bank_count"": 32}, ""feasible"": true, ""metrics"": {""cycles"": 50016.49491816765, ""compute_cycles"": 44145.18527640569, ""memory_slowdown"": 1.133, ""memory_slowdown_source"": ""measured:xm"", ""clock_period_ns"": 2.528, ""max_frequency_mhz"": 395.56962025316454, ""seconds"": 0.00012644169915312784, ""pe_utilization"": 0.8922984339257755, ""throughput"": 4049297.054921256, ""dram_bytes"": 13412708.545454545, ""area"": 1499501.1104, ""power"": 380.73147257717267, ""energy_j"": 4.8140334313730206e-05, ""energy_efficiency_tasks_per_j"": 20772.60189933471, ""energy_scope"": ""partial-model:execute-array-dynamic+sram-leakage"", ""edp"": 6.086945668427672e-09}, ""violations"": [], ""model_frontier_extended"": true, ""independent_improvement"": null, ""independent_module_verified"": true, ""independent_observations"": [{""design_id"": ""dea919ee83c5236ab2782eccffcd5c48688c55be6f972f84f1ebab9fdfe48e79"", ""scope"": ""BlockScheduler, 16 rows x 8 PE, M=32; not full attention"", ""function_passed"": true, ""frequency_feasible"": true, ""metrics"": {""queue_depth"": 2.0, ""rows"": 16.0, ""pe"": 8.0, ""imbalance"": 1.265597, ""row_util"": 0.903559, ""pe_util"": 0.903559, ""cycles"": 418.0, ""area_um2"": 21387.198, ""cells"": 8636.0, ""estimated_power_mw"": 4.162457, ""assumed_activity"": 0.0213, ""critical_path_ns"": 2.6061, ""sta_period_ns"": 2.857142857142857, ""slack_ns"": 0.2164, ""max_frequency_mhz"": 378.68132343712807}, ""latency_s"": 1.1942857142857144e-06, ""identity_ok"": true, ""complete_captured_task"": true, ""sources_unchanged"": true, ""frequency_matches"": true, ""source"": {""model"": ""TinyLlama/TinyLlama-1.1B-intermediate-step-1431k-3T"", ""dataset"": ""wiki"", ""layer"": 10, ""seq_len"": 512, ""seed"": 20260903, ""head"": 0, ""token_sha256"": ""72f72a42f8d647ef0db223e6b033d5cb32edc2e9cf91a95cf93eafe6710422e6""}, ""log_uri"": ""/scratch/gz2522/gz2522/tmp/micro-hackthon/runs/critic_ablation_20260911/runs/confirm16_llm_s0/dea919ee83c5236ab2782eccffcd5c48688c55be6f972f84f1ebab9fdfe48e79/rtl/validation.json""}], ""independent_constraint_recovered"": false, ""independent_energy_improvement"": null, ""independent_scope"": ""scheduler only; constraint recovery is not a whole-task Pareto gain""}"
confirm16_llm_s1,6938b9d6d56a439e0949c396b354ca50a189843506c0c34780133979396996b3,repair,continue,"The parent hardware configuration failed to meet the 350 MHz timing target, as evidenced by a negative slack of -0.0624 ns in the independent validation of the BlockScheduler sub-component. The actual frequency achieved was only 342.5 MHz. The current configuration uses a queue depth of 4, the maximum in its domain. Deeper queues can introduce more complex logic and longer critical paths. To addre","[""validation.0.frequency_feasible"", ""validation.0.metrics.slack_ns"", ""validation.0.metrics.max_frequency_mhz"", ""validation.0.scope""]","[{""layer"": ""compiler"", ""field"": ""queue_depth"", ""operation"": ""set"", ""value"": 2, ""expected_effect"": ""Reduce logic complexity in the BlockScheduler, resolving the negative timing slack and enabling the design to meet the 350 MHz frequency target."", ""risk"": ""A shallower queue might increase stalls if the workload is bursty, potentially increasing total cycle count and degrading performance. However, achieving timing feasibility is the primary goal.""}]",,"{""state"": ""evaluated"", ""before"": {""tile_q"": 32, ""tile_k"": 32, ""tile_d"": 64, ""parallelism"": 8, ""double_buffer"": false, ""num_rows"": 16, ""pe_per_row"": 8, ""reg_width"": 16, ""data_width"": 16, ""sram_bytes"": 131072, ""queue_depth"": 4, ""divider_stages"": 8, ""bank_count"": 16}, ""after"": {""tile_q"": 32, ""tile_k"": 32, ""tile_d"": 64, ""parallelism"": 8, ""double_buffer"": false, ""num_rows"": 16, ""pe_per_row"": 8, ""reg_width"": 16, ""data_width"": 16, ""sram_bytes"": 131072, ""queue_depth"": 2, ""divider_stages"": 8, ""bank_count"": 16}, ""feasible"": true, ""metrics"": {""cycles"": 67365.55273179508, ""compute_cycles"": 44145.18527640569, ""memory_slowdown"": 1.526, ""memory_slowdown_source"": ""measured:xm"", ""clock_period_ns"": 2.528, ""max_frequency_mhz"": 395.56962025316454, ""seconds"": 0.00017030011730597797, ""pe_utilization"": 0.8922984339257755, ""throughput"": 3006457.118758705, ""dram_bytes"": 13412708.545454545, ""area"": 1493721.5103999998, ""power"": 380.73147257717267, ""energy_j"": 6.483861444197024e-05, ""energy_efficiency_tasks_per_j"": 15422.908225390716, ""energy_scope"": ""partial-model:execute-array-dynamic+sram-leakage"", ""edp"": 1.1042023645424608e-08}, ""violations"": [], ""model_frontier_extended"": true, ""independent_improvement"": null, ""independent_module_verified"": true, ""independent_observations"": [{""design_id"": ""a160f04c809dbeb2bb900d0f60a3f14bbd7de054010d2d60c35205e8899b9b73"", ""scope"": ""BlockScheduler, 16 rows x 8 PE, M=32; not full attention"", ""function_passed"": true, ""frequency_feasible"": true, ""metrics"": {""queue_depth"": 2.0, ""rows"": 16.0, ""pe"": 8.0, ""imbalance"": 1.265597, ""row_util"": 0.903559, ""pe_util"": 0.903559, ""cycles"": 418.0, ""area_um2"": 21387.198, ""cells"": 8636.0, ""estimated_power_mw"": 4.162457, ""assumed_activity"": 0.0213, ""critical_path_ns"": 2.6061, ""sta_period_ns"": 2.857142857142857, ""slack_ns"": 0.2164, ""max_frequency_mhz"": 378.68132343712807}, ""latency_s"": 1.1942857142857144e-06, ""identity_ok"": true, ""complete_captured_task"": true, ""sources_unchanged"": true, ""frequency_matches"": true, ""source"": {""model"": ""TinyLlama/TinyLlama-1.1B-intermediate-step-1431k-3T"", ""dataset"": ""wiki"", ""layer"": 10, ""seq_len"": 512, ""seed"": 20260903, ""head"": 0, ""token_sha256"": ""72f72a42f8d647ef0db223e6b033d5cb32edc2e9cf91a95cf93eafe6710422e6""}, ""log_uri"": ""/scratch/gz2522/gz2522/tmp/micro-hackthon/runs/critic_ablation_20260911/runs/confirm16_llm_s1/a160f04c809dbeb2bb900d0f60a3f14bbd7de054010d2d60c35205e8899b9b73/rtl/validation.json""}], ""independent_constraint_recovered"": true, ""independent_energy_improvement"": null, ""independent_scope"": ""scheduler only; constraint recovery is not a whole-task Pareto gain""}"
confirm16_llm_s1,61e810f071ddb41e4b0905db0199480ff477ffecae17acdc6167a2c0199cee96,repair,continue,"The parent point (history.1) is feasible and meets the frequency target, but exhibits a significant memory slowdown of 1.526. This indicates that memory access is a performance bottleneck. The configuration has `double_buffer` set to `false`. I propose setting `double_buffer` to `true`. This is a standard microarchitectural technique to hide memory latency by overlapping computation with data fetc","[""history.1.metrics.memory_slowdown"", ""history.1.feasible"", ""constraints.max_area_um2"", ""constraints.max_sram_bytes"", ""domains.double_buffer""]","[{""layer"": ""compiler"", ""field"": ""double_buffer"", ""operation"": ""set"", ""value"": true, ""expected_effect"": ""Reduce memory_slowdown and total cycles, leading to lower execution time (seconds). This may result in a Pareto-optimal improvement in (seconds, energy_j)."", ""risk"": ""The additional logic and SRAM for the second buffer will increase area and power. The time savings might not be sufficient to offset the energy increase. It could also introduce new critical paths, potentially reducing max_frequency_mhz.""}]",,"{""state"": ""evaluated"", ""before"": {""tile_q"": 32, ""tile_k"": 32, ""tile_d"": 64, ""parallelism"": 8, ""double_buffer"": false, ""num_rows"": 16, ""pe_per_row"": 8, ""reg_width"": 16, ""data_width"": 16, ""sram_bytes"": 131072, ""queue_depth"": 2, ""divider_stages"": 8, ""bank_count"": 16}, ""after"": {""tile_q"": 32, ""tile_k"": 32, ""tile_d"": 64, ""parallelism"": 8, ""double_buffer"": true, ""num_rows"": 16, ""pe_per_row"": 8, ""reg_width"": 16, ""data_width"": 16, ""sram_bytes"": 131072, ""queue_depth"": 2, ""divider_stages"": 8, ""bank_count"": 16}, ""feasible"": true, ""metrics"": {""cycles"": 67365.55273179508, ""compute_cycles"": 44145.18527640569, ""memory_slowdown"": 1.526, ""memory_slowdown_source"": ""measured:xm"", ""clock_period_ns"": 2.528, ""max_frequency_mhz"": 395.56962025316454, ""seconds"": 0.00017030011730597797, ""pe_utilization"": 0.8922984339257755, ""throughput"": 3006457.118758705, ""dram_bytes"": 13412708.545454545, ""area"": 1493721.5103999998, ""power"": 380.73147257717267, ""energy_j"": 6.483861444197024e-05, ""energy_efficiency_tasks_per_j"": 15422.908225390716, ""energy_scope"": ""partial-model:execute-array-dynamic+sram-leakage"", ""edp"": 1.1042023645424608e-08}, ""violations"": [], ""model_frontier_extended"": false, ""independent_improvement"": null, ""independent_module_verified"": true, ""independent_observations"": [{""design_id"": ""bd5fc4989832a418740522bfc849116ad3d142f490f1707e5019a940496d871f"", ""scope"": ""BlockScheduler, 16 rows x 8 PE, M=32; not full attention"", ""function_passed"": true, ""frequency_feasible"": true, ""metrics"": {""queue_depth"": 2.0, ""rows"": 16.0, ""pe"": 8.0, ""imbalance"": 1.265597, ""row_util"": 0.903559, ""pe_util"": 0.903559, ""cycles"": 418.0, ""area_um2"": 21387.198, ""cells"": 8636.0, ""estimated_power_mw"": 4.162457, ""assumed_activity"": 0.0213, ""critical_path_ns"": 2.6061, ""sta_period_ns"": 2.857142857142857, ""slack_ns"": 0.2164, ""max_frequency_mhz"": 378.68132343712807}, ""latency_s"": 1.1942857142857144e-06, ""identity_ok"": true, ""complete_captured_task"": true, ""sources_unchanged"": true, ""frequency_matches"": true, ""source"": {""model"": ""TinyLlama/TinyLlama-1.1B-intermediate-step-1431k-3T"", ""dataset"": ""wiki"", ""layer"": 10, ""seq_len"": 512, ""seed"": 20260903, ""head"": 0, ""token_sha256"": ""72f72a42f8d647ef0db223e6b033d5cb32edc2e9cf91a95cf93eafe6710422e6""}, ""log_uri"": ""/scratch/gz2522/gz2522/tmp/micro-hackthon/runs/critic_ablation_20260911/runs/confirm16_llm_s1/bd5fc4989832a418740522bfc849116ad3d142f490f1707e5019a940496d871f/rtl/validation.json""}], ""independent_constraint_recovered"": false, ""independent_energy_improvement"": null, ""independent_scope"": ""scheduler only; constraint recovery is not a whole-task Pareto gain""}"
confirm16_llm_s1,470714fe07a6429ad34b76f09e5e4847b0a350960cd41a956dfd6cbd5f2420c2,repair,continue,"The parent design shows significant frequency slack, with both the analytical model (395.6 MHz) and independent validation (378.7 MHz) reporting maximum frequencies well above the 350 MHz target. This slack can be traded for improvements in other metrics. By reducing the pipeline depth of the divider from 8 to 4 stages, we expect to reduce the latency (in cycles) of division operations, as well as","[""history.2.metrics.max_frequency_mhz"", ""validation.0.metrics.max_frequency_mhz"", ""constraints.target_mhz""]","[{""layer"": ""compiler"", ""field"": ""divider_stages"", ""operation"": ""set"", ""value"": 4, ""expected_effect"": ""Reduce cycles, seconds, and energy by decreasing divider latency, while maintaining frequency feasibility above 350 MHz due to existing slack."", ""risk"": ""The reduction in max frequency could be larger than expected, potentially causing the design to fail timing at the 350 MHz target.""}]",,"{""state"": ""evaluated"", ""before"": {""tile_q"": 32, ""tile_k"": 32, ""tile_d"": 64, ""parallelism"": 8, ""double_buffer"": true, ""num_rows"": 16, ""pe_per_row"": 8, ""reg_width"": 16, ""data_width"": 16, ""sram_bytes"": 131072, ""queue_depth"": 2, ""divider_stages"": 8, ""bank_count"": 16}, ""after"": {""tile_q"": 32, ""tile_k"": 32, ""tile_d"": 64, ""parallelism"": 8, ""double_buffer"": true, ""num_rows"": 16, ""pe_per_row"": 8, ""reg_width"": 16, ""data_width"": 16, ""sram_bytes"": 131072, ""queue_depth"": 2, ""divider_stages"": 4, ""bank_count"": 16}, ""feasible"": false, ""metrics"": {""cycles"": 67365.55273179508, ""compute_cycles"": 44145.18527640569, ""memory_slowdown"": 1.526, ""memory_slowdown_source"": ""measured:xm"", ""clock_period_ns"": 3.269, ""max_frequency_mhz"": 305.9039461609055, ""seconds"": 0.00022021799188023814, ""pe_utilization"": 0.8922984339257755, ""throughput"": 2324968.980184156, ""dram_bytes"": 13412708.545454545, ""area"": 1473692.7103999997, ""power"": 380.73147257717267, ""energy_j"": 8.384392033655092e-05, ""energy_efficiency_tasks_per_j"": 11926.923216209154, ""energy_scope"": ""partial-model:execute-array-dynamic+sram-leakage"", ""edp"": 1.8463939767881903e-08}, ""violations"": [""clock 306 MHz (period 3.269 ns) is below the target 350 MHz""], ""model_frontier_extended"": false, ""independent_improvement"": null}"
confirm16_llm_s1,55d41df441b495ec62ee9821e4565d0b486629d140d1d52b6fc24c07456e313f,repair,continue,"Comparing history points 0 and 1 reveals that reducing `queue_depth` from 4 to 2, despite a 4.5% increase in cycles, yielded a 9% frequency improvement and a net decrease in both execution time (`seconds`) and `energy_j`. This indicates the area and timing overhead of the deeper queue outweighs its cycle-saving benefits for this workload. This proposal continues this observed trend by setting `que","[""history.0.point.queue_depth"", ""history.1.point.queue_depth"", ""history.0.metrics.seconds"", ""history.1.metrics.seconds"", ""history.0.metrics.energy_j"", ""history.1.metrics.energy_j"", ""history.0.metrics.max_frequency_mhz"", ""history.1.metrics.max_frequency_mhz""]","[{""layer"": ""compiler"", ""field"": ""queue_depth"", ""operation"": ""set"", ""value"": 0, ""expected_effect"": ""Decrease area and increase max_frequency_mhz. If the frequency improvement outweighs the likely increase in cycles, this will lead to a reduction in both seconds and energy_j."", ""risk"": ""A queue depth of 0 may cause significant pipeline stalls, increasing cycles to a degree that negates any frequency improvement, resulting in worse overall performance.""}]",,"{""state"": ""evaluated"", ""before"": {""tile_q"": 32, ""tile_k"": 32, ""tile_d"": 64, ""parallelism"": 8, ""double_buffer"": true, ""num_rows"": 16, ""pe_per_row"": 8, ""reg_width"": 16, ""data_width"": 16, ""sram_bytes"": 131072, ""queue_depth"": 2, ""divider_stages"": 8, ""bank_count"": 16}, ""after"": {""tile_q"": 32, ""tile_k"": 32, ""tile_d"": 64, ""parallelism"": 8, ""double_buffer"": true, ""num_rows"": 16, ""pe_per_row"": 8, ""reg_width"": 16, ""data_width"": 16, ""sram_bytes"": 131072, ""queue_depth"": 0, ""divider_stages"": 8, ""bank_count"": 16}, ""feasible"": true, ""metrics"": {""cycles"": 81876.30378913526, ""compute_cycles"": 53654.196454217075, ""memory_slowdown"": 1.526, ""memory_slowdown_source"": ""measured:xm"", ""clock_period_ns"": 2.273, ""max_frequency_mhz"": 439.94720633523974, ""seconds"": 0.00018610483851270445, ""pe_utilization"": 0.7341584124013845, ""throughput"": 2751137.499120144, ""dram_bytes"": 13412708.545454545, ""area"": 1476228.8103999998, ""power"": 317.7790928087431, ""energy_j"": 5.914022674988486e-05, ""energy_efficiency_tasks_per_j"": 16908.964590703854, ""energy_scope"": ""partial-model:execute-array-dynamic+sram-leakage"", ""edp"": 1.1006282348892045e-08}, ""violations"": [], ""model_frontier_extended"": true, ""independent_improvement"": null, ""independent_module_verified"": true, ""independent_observations"": [{""design_id"": ""30c1a0a3cae95f291cda40c3c64feb2be48919698e3aab25e4ff819040095c2f"", ""scope"": ""BlockScheduler, 16 rows x 8 PE, M=32; not full attention"", ""function_passed"": true, ""frequency_feasible"": true, ""metrics"": {""queue_depth"": 0.0, ""rows"": 16.0, ""pe"": 8.0, ""imbalance"": 1.265597, ""row_util"": 0.790141, ""pe_util"": 0.790141, ""cycles"": 478.0, ""area_um2"": 7374.318, ""cells"": 3321.0, ""estimated_power_mw"": 1.478434, ""assumed_activity"": 0.0213, ""critical_path_ns"": 2.364, ""sta_period_ns"": 2.857142857142857, ""slack_ns"": 0.4585, ""max_frequency_mhz"": 416.9024150561329}, ""latency_s"": 1.3657142857142857e-06, ""identity_ok"": true, ""complete_captured_task"": true, ""sources_unchanged"": true, ""frequency_matches"": true, ""source"": {""model"": ""TinyLlama/TinyLlama-1.1B-intermediate-step-1431k-3T"", ""dataset"": ""wiki"", ""layer"": 10, ""seq_len"": 512, ""seed"": 20260903, ""head"": 0, ""token_sha256"": ""72f72a42f8d647ef0db223e6b033d5cb32edc2e9cf91a95cf93eafe6710422e6""}, ""log_uri"": ""/scratch/gz2522/gz2522/tmp/micro-hackthon/runs/critic_ablation_20260911/runs/confirm16_llm_s1/30c1a0a3cae95f291cda40c3c64feb2be48919698e3aab25e4ff819040095c2f/rtl/validation.json""}], ""independent_constraint_recovered"": false, ""independent_energy_improvement"": null, ""independent_scope"": ""scheduler only; constraint recovery is not a whole-task Pareto gain""}"
confirm16_llm_s1,41866db2b064eeb974846ce03c8eb7a078a66f6e5fb75b49ccdd026040c69264,repair,continue,"The current Pareto frontier is defined by two points: history[4] (parent: low energy, high latency) and history[1] (low latency, high energy). The parent point's latency is limited by its high cycle count (81k), while its frequency (440 MHz) is already high. To improve upon this, I propose increasing the divider pipeline depth. Evidence from history[2] (divider_stages=8, freq=396MHz) versus histor","[""parent_point.divider_stages"", ""history.4.metrics.seconds"", ""history.4.metrics.energy_j"", ""history.1.metrics.seconds"", ""history.1.metrics.energy_j"", ""history.2.metrics.max_frequency_mhz"", ""history.3.metrics.max_frequency_mhz"", ""history.3.violations""]","[{""layer"": ""compiler"", ""field"": ""divider_stages"", ""operation"": ""set"", ""value"": 12, ""expected_effect"": ""Increase max_frequency, leading to lower 'seconds' and 'energy_j', potentially creating a new point that Pareto-dominates both history[1] and history[4]."", ""risk"": ""The increased pipeline latency from a deeper divider may increase the total cycle count if division operations are on the critical dependency path, which could counteract the benefits of a higher clock frequency.""}]",,"{""state"": ""evaluated"", ""before"": {""tile_q"": 32, ""tile_k"": 32, ""tile_d"": 64, ""parallelism"": 8, ""double_buffer"": true, ""num_rows"": 16, ""pe_per_row"": 8, ""reg_width"": 16, ""data_width"": 16, ""sram_bytes"": 131072, ""queue_depth"": 0, ""divider_stages"": 8, ""bank_count"": 16}, ""after"": {""tile_q"": 32, ""tile_k"": 32, ""tile_d"": 64, ""parallelism"": 8, ""double_buffer"": true, ""num_rows"": 16, ""pe_per_row"": 8, ""reg_width"": 16, ""data_width"": 16, ""sram_bytes"": 131072, ""queue_depth"": 0, ""divider_stages"": 12, ""bank_count"": 16}, ""feasible"": true, ""metrics"": {""cycles"": 81876.30378913526, ""compute_cycles"": 53654.196454217075, ""memory_slowdown"": 1.526, ""memory_slowdown_source"": ""measured:xm"", ""clock_period_ns"": 2.273, ""max_frequency_mhz"": 439.94720633523974, ""seconds"": 0.00018610483851270445, ""pe_utilization"": 0.7341584124013845, ""throughput"": 2751137.499120144, ""dram_bytes"": 13412708.545454545, ""area"": 1491520.0103999998, ""power"": 317.7790928087431, ""energy_j"": 5.914022674988486e-05, ""energy_efficiency_tasks_per_j"": 16908.964590703854, ""energy_scope"": ""partial-model:execute-array-dynamic+sram-leakage"", ""edp"": 1.1006282348892045e-08}, ""violations"": [], ""model_frontier_extended"": false, ""independent_improvement"": null, ""independent_module_verified"": true, ""independent_observations"": [{""design_id"": ""a90d00005fb22e57058867b05638ea0798172f846bc9589e65100723a748c086"", ""scope"": ""BlockScheduler, 16 rows x 8 PE, M=32; not full attention"", ""function_passed"": true, ""frequency_feasible"": true, ""metrics"": {""queue_depth"": 0.0, ""rows"": 16.0, ""pe"": 8.0, ""imbalance"": 1.265597, ""row_util"": 0.790141, ""pe_util"": 0.790141, ""cycles"": 478.0, ""area_um2"": 7374.318, ""cells"": 3321.0, ""estimated_power_mw"": 1.478434, ""assumed_activity"": 0.0213, ""critical_path_ns"": 2.364, ""sta_period_ns"": 2.857142857142857, ""slack_ns"": 0.4585, ""max_frequency_mhz"": 416.9024150561329}, ""latency_s"": 1.3657142857142857e-06, ""identity_ok"": true, ""complete_captured_task"": true, ""sources_unchanged"": true, ""frequency_matches"": true, ""source"": {""model"": ""TinyLlama/TinyLlama-1.1B-intermediate-step-1431k-3T"", ""dataset"": ""wiki"", ""layer"": 10, ""seq_len"": 512, ""seed"": 20260903, ""head"": 0, ""token_sha256"": ""72f72a42f8d647ef0db223e6b033d5cb32edc2e9cf91a95cf93eafe6710422e6""}, ""log_uri"": ""/scratch/gz2522/gz2522/tmp/micro-hackthon/runs/critic_ablation_20260911/runs/confirm16_llm_s1/a90d00005fb22e57058867b05638ea0798172f846bc9589e65100723a748c086/rtl/validation.json""}], ""independent_constraint_recovered"": false, ""independent_energy_improvement"": null, ""independent_scope"": ""scheduler only; constraint recovery is not a whole-task Pareto gain""}"
confirm16_llm_s2,6938b9d6d56a439e0949c396b354ca50a189843506c0c34780133979396996b3,repair,continue,"The parent configuration is infeasible due to a timing failure; it achieved 342.5 MHz, missing the 350 MHz target, as evidenced by the negative slack (-0.0624 ns) in the validation report. The validation scope is the 'BlockScheduler', which is directly configured by the 'queue_depth' parameter. The current depth of 4 likely contributes to a longer critical path. I propose reducing the 'queue_depth","[""validation.0.frequency_feasible"", ""validation.0.metrics.slack_ns"", ""validation.0.metrics.max_frequency_mhz"", ""constraints.target_mhz"", ""parent_point.queue_depth""]","[{""layer"": ""compiler"", ""field"": ""queue_depth"", ""operation"": ""set"", ""value"": 2, ""expected_effect"": ""The design will meet the 350 MHz timing target (frequency_feasible == true) by reducing logic complexity in the BlockScheduler. This may cause a minor increase in cycle count."", ""risk"": ""The shallower queue may become a performance bottleneck, significantly increasing cycles and overall runtime if it introduces frequent stalls.""}]",,"{""state"": ""evaluated"", ""before"": {""tile_q"": 32, ""tile_k"": 32, ""tile_d"": 64, ""parallelism"": 8, ""double_buffer"": false, ""num_rows"": 16, ""pe_per_row"": 8, ""reg_width"": 16, ""data_width"": 16, ""sram_bytes"": 131072, ""queue_depth"": 4, ""divider_stages"": 8, ""bank_count"": 16}, ""after"": {""tile_q"": 32, ""tile_k"": 32, ""tile_d"": 64, ""parallelism"": 8, ""double_buffer"": false, ""num_rows"": 16, ""pe_per_row"": 8, ""reg_width"": 16, ""data_width"": 16, ""sram_bytes"": 131072, ""queue_depth"": 2, ""divider_stages"": 8, ""bank_count"": 16}, ""feasible"": true, ""metrics"": {""cycles"": 67365.55273179508, ""compute_cycles"": 44145.18527640569, ""memory_slowdown"": 1.526, ""memory_slowdown_source"": ""measured:xm"", ""clock_period_ns"": 2.528, ""max_frequency_mhz"": 395.56962025316454, ""seconds"": 0.00017030011730597797, ""pe_utilization"": 0.8922984339257755, ""throughput"": 3006457.118758705, ""dram_bytes"": 13412708.545454545, ""area"": 1493721.5103999998, ""power"": 380.73147257717267, ""energy_j"": 6.483861444197024e-05, ""energy_efficiency_tasks_per_j"": 15422.908225390716, ""energy_scope"": ""partial-model:execute-array-dynamic+sram-leakage"", ""edp"": 1.1042023645424608e-08}, ""violations"": [], ""model_frontier_extended"": true, ""independent_improvement"": null, ""independent_module_verified"": true, ""independent_observations"": [{""design_id"": ""a160f04c809dbeb2bb900d0f60a3f14bbd7de054010d2d60c35205e8899b9b73"", ""scope"": ""BlockScheduler, 16 rows x 8 PE, M=32; not full attention"", ""function_passed"": true, ""frequency_feasible"": true, ""metrics"": {""queue_depth"": 2.0, ""rows"": 16.0, ""pe"": 8.0, ""imbalance"": 1.265597, ""row_util"": 0.903559, ""pe_util"": 0.903559, ""cycles"": 418.0, ""area_um2"": 21387.198, ""cells"": 8636.0, ""estimated_power_mw"": 4.162457, ""assumed_activity"": 0.0213, ""critical_path_ns"": 2.6061, ""sta_period_ns"": 2.857142857142857, ""slack_ns"": 0.2164, ""max_frequency_mhz"": 378.68132343712807}, ""latency_s"": 1.1942857142857144e-06, ""identity_ok"": true, ""complete_captured_task"": true, ""sources_unchanged"": true, ""frequency_matches"": true, ""source"": {""model"": ""TinyLlama/TinyLlama-1.1B-intermediate-step-1431k-3T"", ""dataset"": ""wiki"", ""layer"": 10, ""seq_len"": 512, ""seed"": 20260903, ""head"": 0, ""token_sha256"": ""72f72a42f8d647ef0db223e6b033d5cb32edc2e9cf91a95cf93eafe6710422e6""}, ""log_uri"": ""/scratch/gz2522/gz2522/tmp/micro-hackthon/runs/critic_ablation_20260911/runs/confirm16_llm_s2/a160f04c809dbeb2bb900d0f60a3f14bbd7de054010d2d60c35205e8899b9b73/rtl/validation.json""}], ""independent_constraint_recovered"": true, ""independent_energy_improvement"": null, ""independent_scope"": ""scheduler only; constraint recovery is not a whole-task Pareto gain""}"
confirm16_llm_s2,f7a5582090228d68ef7d45654951e6f6ccc5b8a15ba740d6d8fc020063373246,repair,continue,"The history shows that decreasing `queue_depth` from 4 to 2 (history.0 -> history.1) improved both latency (0.178ms -> 0.170ms) and energy (7.06e-5J -> 6.48e-5J), primarily by enabling a higher clock frequency (362MHz -> 395MHz) that outweighed the increase in cycle count. The point with `queue_depth=4` was also marked infeasible. Given this trend and that `0` is a valid value in the domain for `q","[""history.0.point.queue_depth"", ""history.0.metrics.seconds"", ""history.0.metrics.energy_j"", ""history.0.feasible"", ""history.1.point.queue_depth"", ""history.1.metrics.seconds"", ""history.1.metrics.energy_j"", ""domains.queue_depth""]","[{""layer"": ""compiler"", ""field"": ""queue_depth"", ""operation"": ""set"", ""value"": 0, ""expected_effect"": ""Further increase max_frequency while reducing area and power. The net effect on latency and energy is hypothesized to be an improvement, continuing the trend observed when moving from queue_depth=4 to 2."", ""risk"": ""The increase in cycles due to lack of buffering may be too large, negating the frequency improvement and resulting in worse latency and energy-delay product.""}]",,"{""state"": ""evaluated"", ""before"": {""tile_q"": 32, ""tile_k"": 32, ""tile_d"": 64, ""parallelism"": 8, ""double_buffer"": false, ""num_rows"": 16, ""pe_per_row"": 8, ""reg_width"": 16, ""data_width"": 16, ""sram_bytes"": 131072, ""queue_depth"": 2, ""divider_stages"": 8, ""bank_count"": 16}, ""after"": {""tile_q"": 32, ""tile_k"": 32, ""tile_d"": 64, ""parallelism"": 8, ""double_buffer"": false, ""num_rows"": 16, ""pe_per_row"": 8, ""reg_width"": 16, ""data_width"": 16, ""sram_bytes"": 131072, ""queue_depth"": 0, ""divider_stages"": 8, ""bank_count"": 16}, ""feasible"": true, ""metrics"": {""cycles"": 81876.30378913526, ""compute_cycles"": 53654.196454217075, ""memory_slowdown"": 1.526, ""memory_slowdown_source"": ""measured:xm"", ""clock_period_ns"": 2.273, ""max_frequency_mhz"": 439.94720633523974, ""seconds"": 0.00018610483851270445, ""pe_utilization"": 0.7341584124013845, ""throughput"": 2751137.499120144, ""dram_bytes"": 13412708.545454545, ""area"": 1476228.8103999998, ""power"": 317.7790928087431, ""energy_j"": 5.914022674988486e-05, ""energy_efficiency_tasks_per_j"": 16908.964590703854, ""energy_scope"": ""partial-model:execute-array-dynamic+sram-leakage"", ""edp"": 1.1006282348892045e-08}, ""violations"": [], ""model_frontier_extended"": true, ""independent_improvement"": null, ""independent_module_verified"": true, ""independent_observations"": [{""design_id"": ""7d5bcede175fd5bcbc70971c18a527d352fe5744e5282a82138c576130cd8371"", ""scope"": ""BlockScheduler, 16 rows x 8 PE, M=32; not full attention"", ""function_passed"": true, ""frequency_feasible"": true, ""metrics"": {""queue_depth"": 0.0, ""rows"": 16.0, ""pe"": 8.0, ""imbalance"": 1.265597, ""row_util"": 0.790141, ""pe_util"": 0.790141, ""cycles"": 478.0, ""area_um2"": 7374.318, ""cells"": 3321.0, ""estimated_power_mw"": 1.478434, ""assumed_activity"": 0.0213, ""critical_path_ns"": 2.364, ""sta_period_ns"": 2.857142857142857, ""slack_ns"": 0.4585, ""max_frequency_mhz"": 416.9024150561329}, ""latency_s"": 1.3657142857142857e-06, ""identity_ok"": true, ""complete_captured_task"": true, ""sources_unchanged"": true, ""frequency_matches"": true, ""source"": {""model"": ""TinyLlama/TinyLlama-1.1B-intermediate-step-1431k-3T"", ""dataset"": ""wiki"", ""layer"": 10, ""seq_len"": 512, ""seed"": 20260903, ""head"": 0, ""token_sha256"": ""72f72a42f8d647ef0db223e6b033d5cb32edc2e9cf91a95cf93eafe6710422e6""}, ""log_uri"": ""/scratch/gz2522/gz2522/tmp/micro-hackthon/runs/critic_ablation_20260911/runs/confirm16_llm_s2/7d5bcede175fd5bcbc70971c18a527d352fe5744e5282a82138c576130cd8371/rtl/validation.json""}], ""independent_constraint_recovered"": false, ""independent_energy_improvement"": null, ""independent_scope"": ""scheduler only; constraint recovery is not a whole-task Pareto gain""}"
confirm16_llm_s2,7f6287eead927f706a8c2165ca1223241b07b43ad40dce9a5094be45127247e8,repair,continue,"The history shows a trade-off between queue_depth, cycles, and frequency. The parent point (history.2, queue_depth=0) has a very high frequency (440 MHz) but also a high cycle count and low PE utilization (0.73), suggesting it is stall-bound. In contrast, history.1 (queue_depth=2) has lower cycles and higher utilization but also lower frequency, resulting in better overall latency. This indicates ","[""history.2.metrics.max_frequency_mhz"", ""history.2.metrics.cycles"", ""history.2.metrics.pe_utilization"", ""history.1.metrics.seconds"", ""history.1.metrics.cycles"", ""domains.divider_stages""]","[{""layer"": ""compiler"", ""field"": ""divider_stages"", ""operation"": ""set"", ""value"": 4, ""expected_effect"": ""Reduce total cycles by decreasing divider pipeline latency, at the cost of a lower max_frequency. The net effect is hypothesized to be a reduction in 'seconds' compared to the parent point (history.2)."", ""risk"": ""The reduction in max_frequency could be greater than the reduction in cycles, leading to a net increase in execution time. This could also have an unforeseen impact on energy consumption.""}]",,"{""state"": ""evaluated"", ""before"": {""tile_q"": 32, ""tile_k"": 32, ""tile_d"": 64, ""parallelism"": 8, ""double_buffer"": false, ""num_rows"": 16, ""pe_per_row"": 8, ""reg_width"": 16, ""data_width"": 16, ""sram_bytes"": 131072, ""queue_depth"": 0, ""divider_stages"": 8, ""bank_count"": 16}, ""after"": {""tile_q"": 32, ""tile_k"": 32, ""tile_d"": 64, ""parallelism"": 8, ""double_buffer"": false, ""num_rows"": 16, ""pe_per_row"": 8, ""reg_width"": 16, ""data_width"": 16, ""sram_bytes"": 131072, ""queue_depth"": 0, ""divider_stages"": 4, ""bank_count"": 16}, ""feasible"": false, ""metrics"": {""cycles"": 81876.30378913526, ""compute_cycles"": 53654.196454217075, ""memory_slowdown"": 1.526, ""memory_slowdown_source"": ""measured:xm"", ""clock_period_ns"": 3.269, ""max_frequency_mhz"": 305.9039461609055, ""seconds"": 0.0002676536370866832, ""pe_utilization"": 0.7341584124013845, ""throughput"": 1912920.0169776957, ""dram_bytes"": 13412708.545454545, ""area"": 1456200.0103999998, ""power"": 317.7790928087431, ""energy_j"": 8.505472998036674e-05, ""energy_efficiency_tasks_per_j"": 11757.13567288769, ""energy_scope"": ""partial-model:execute-array-dynamic+sram-leakage"", ""edp"": 2.276520783067091e-08}, ""violations"": [""clock 306 MHz (period 3.269 ns) is below the target 350 MHz""], ""model_frontier_extended"": false, ""independent_improvement"": null}"
confirm16_llm_s2,bf89bc5970a9f885f4ec6d95dc0ad43fa3b834d23aa960d8e34938ab6ae83169,repair,continue,"The parent point (history.2) is energy-optimal so far but has higher latency than another explored point (history.1). Evidence shows the parent has a significant `memory_slowdown` of 1.526, but also substantial slack in frequency (440 MHz vs 350 MHz target) and area. I propose enabling `double_buffer` to trade some of this slack for performance. This microarchitectural change directly targets the ","[""history.2.metrics.memory_slowdown"", ""history.2.metrics.seconds"", ""history.1.metrics.seconds"", ""history.2.metrics.max_frequency_mhz"", ""constraints.target_mhz"", ""history.2.metrics.area"", ""constraints.max_area_um2""]","[{""layer"": ""compiler"", ""field"": ""double_buffer"", ""operation"": ""set"", ""value"": true, ""expected_effect"": ""Enabling double buffering is expected to reduce `cycles` and `memory_slowdown` by hiding memory access latency, leading to lower overall latency (`seconds`). This may create a new point on the Pareto frontier for (seconds, energy)."", ""risk"": ""Moderate. The change will increase area and may reduce `max_frequency`. If the workload's memory access pattern does not benefit significantly, the cycle reduction may be insufficient to offset these costs, resulting in a non-optimal point.""}]",,"{""state"": ""evaluated"", ""before"": {""tile_q"": 32, ""tile_k"": 32, ""tile_d"": 64, ""parallelism"": 8, ""double_buffer"": false, ""num_rows"": 16, ""pe_per_row"": 8, ""reg_width"": 16, ""data_width"": 16, ""sram_bytes"": 131072, ""queue_depth"": 0, ""divider_stages"": 8, ""bank_count"": 16}, ""after"": {""tile_q"": 32, ""tile_k"": 32, ""tile_d"": 64, ""parallelism"": 8, ""double_buffer"": true, ""num_rows"": 16, ""pe_per_row"": 8, ""reg_width"": 16, ""data_width"": 16, ""sram_bytes"": 131072, ""queue_depth"": 0, ""divider_stages"": 8, ""bank_count"": 16}, ""feasible"": true, ""metrics"": {""cycles"": 81876.30378913526, ""compute_cycles"": 53654.196454217075, ""memory_slowdown"": 1.526, ""memory_slowdown_source"": ""measured:xm"", ""clock_period_ns"": 2.273, ""max_frequency_mhz"": 439.94720633523974, ""seconds"": 0.00018610483851270445, ""pe_utilization"": 0.7341584124013845, ""throughput"": 2751137.499120144, ""dram_bytes"": 13412708.545454545, ""area"": 1476228.8103999998, ""power"": 317.7790928087431, ""energy_j"": 5.914022674988486e-05, ""energy_efficiency_tasks_per_j"": 16908.964590703854, ""energy_scope"": ""partial-model:execute-array-dynamic+sram-leakage"", ""edp"": 1.1006282348892045e-08}, ""violations"": [], ""model_frontier_extended"": false, ""independent_improvement"": null, ""independent_module_verified"": true, ""independent_observations"": [{""design_id"": ""30c1a0a3cae95f291cda40c3c64feb2be48919698e3aab25e4ff819040095c2f"", ""scope"": ""BlockScheduler, 16 rows x 8 PE, M=32; not full attention"", ""function_passed"": true, ""frequency_feasible"": true, ""metrics"": {""queue_depth"": 0.0, ""rows"": 16.0, ""pe"": 8.0, ""imbalance"": 1.265597, ""row_util"": 0.790141, ""pe_util"": 0.790141, ""cycles"": 478.0, ""area_um2"": 7374.318, ""cells"": 3321.0, ""estimated_power_mw"": 1.478434, ""assumed_activity"": 0.0213, ""critical_path_ns"": 2.364, ""sta_period_ns"": 2.857142857142857, ""slack_ns"": 0.4585, ""max_frequency_mhz"": 416.9024150561329}, ""latency_s"": 1.3657142857142857e-06, ""identity_ok"": true, ""complete_captured_task"": true, ""sources_unchanged"": true, ""frequency_matches"": true, ""source"": {""model"": ""TinyLlama/TinyLlama-1.1B-intermediate-step-1431k-3T"", ""dataset"": ""wiki"", ""layer"": 10, ""seq_len"": 512, ""seed"": 20260903, ""head"": 0, ""token_sha256"": ""72f72a42f8d647ef0db223e6b033d5cb32edc2e9cf91a95cf93eafe6710422e6""}, ""log_uri"": ""/scratch/gz2522/gz2522/tmp/micro-hackthon/runs/critic_ablation_20260911/runs/confirm16_llm_s2/30c1a0a3cae95f291cda40c3c64feb2be48919698e3aab25e4ff819040095c2f/rtl/validation.json""}], ""independent_constraint_recovered"": false, ""independent_energy_improvement"": null, ""independent_scope"": ""scheduler only; constraint recovery is not a whole-task Pareto gain""}"
confirm16_llm_s2,258000dedf1c58f42219ff0f451d4eebeb057706c2b9f1b00b0184ed8a46c5a8,repair,continue,"The parent point has `queue_depth=0`, resulting in a latency of 0.186ms and energy of 5.91e-5 J. Historical data shows a clear trade-off with this parameter. Specifically, comparing `history[2]` (`queue_depth=0`) with `history[1]` (`queue_depth=2`) reveals that increasing the queue depth to 2 reduced latency to 0.170ms (~9% improvement) at the cost of higher energy (6.48e-5 J). This established a ","[""parent_point.queue_depth"", ""history.1.metrics.seconds"", ""history.1.metrics.energy_j"", ""history.1.feasible"", ""history.2.metrics.seconds"", ""history.2.metrics.energy_j""]","[{""layer"": ""compiler"", ""field"": ""queue_depth"", ""operation"": ""set"", ""value"": 2, ""expected_effect"": ""Decrease latency (seconds) and increase energy, exploring a known-good Pareto trade-off. Based on the delta between history.1 and history.2, latency is expected to decrease by approximately 9%."", ""risk"": ""Low. A similar point (history.1) was feasible and performant. The only difference is that the parent has `double_buffer=true`, but its effect has been negligible so far, suggesting `queue_depth` is the dominant factor.""}]",,"{""state"": ""evaluated"", ""before"": {""tile_q"": 32, ""tile_k"": 32, ""tile_d"": 64, ""parallelism"": 8, ""double_buffer"": true, ""num_rows"": 16, ""pe_per_row"": 8, ""reg_width"": 16, ""data_width"": 16, ""sram_bytes"": 131072, ""queue_depth"": 0, ""divider_stages"": 8, ""bank_count"": 16}, ""after"": {""tile_q"": 32, ""tile_k"": 32, ""tile_d"": 64, ""parallelism"": 8, ""double_buffer"": true, ""num_rows"": 16, ""pe_per_row"": 8, ""reg_width"": 16, ""data_width"": 16, ""sram_bytes"": 131072, ""queue_depth"": 2, ""divider_stages"": 8, ""bank_count"": 16}, ""feasible"": true, ""metrics"": {""cycles"": 67365.55273179508, ""compute_cycles"": 44145.18527640569, ""memory_slowdown"": 1.526, ""memory_slowdown_source"": ""measured:xm"", ""clock_period_ns"": 2.528, ""max_frequency_mhz"": 395.56962025316454, ""seconds"": 0.00017030011730597797, ""pe_utilization"": 0.8922984339257755, ""throughput"": 3006457.118758705, ""dram_bytes"": 13412708.545454545, ""area"": 1493721.5103999998, ""power"": 380.73147257717267, ""energy_j"": 6.483861444197024e-05, ""energy_efficiency_tasks_per_j"": 15422.908225390716, ""energy_scope"": ""partial-model:execute-array-dynamic+sram-leakage"", ""edp"": 1.1042023645424608e-08}, ""violations"": [], ""model_frontier_extended"": false, ""independent_improvement"": null, ""independent_module_verified"": true, ""independent_observations"": [{""design_id"": ""bd5fc4989832a418740522bfc849116ad3d142f490f1707e5019a940496d871f"", ""scope"": ""BlockScheduler, 16 rows x 8 PE, M=32; not full attention"", ""function_passed"": true, ""frequency_feasible"": true, ""metrics"": {""queue_depth"": 2.0, ""rows"": 16.0, ""pe"": 8.0, ""imbalance"": 1.265597, ""row_util"": 0.903559, ""pe_util"": 0.903559, ""cycles"": 418.0, ""area_um2"": 21387.198, ""cells"": 8636.0, ""estimated_power_mw"": 4.162457, ""assumed_activity"": 0.0213, ""critical_path_ns"": 2.6061, ""sta_period_ns"": 2.857142857142857, ""slack_ns"": 0.2164, ""max_frequency_mhz"": 378.68132343712807}, ""latency_s"": 1.1942857142857144e-06, ""identity_ok"": true, ""complete_captured_task"": true, ""sources_unchanged"": true, ""frequency_matches"": true, ""source"": {""model"": ""TinyLlama/TinyLlama-1.1B-intermediate-step-1431k-3T"", ""dataset"": ""wiki"", ""layer"": 10, ""seq_len"": 512, ""seed"": 20260903, ""head"": 0, ""token_sha256"": ""72f72a42f8d647ef0db223e6b033d5cb32edc2e9cf91a95cf93eafe6710422e6""}, ""log_uri"": ""/scratch/gz2522/gz2522/tmp/micro-hackthon/runs/critic_ablation_20260911/runs/confirm16_llm_s2/bd5fc4989832a418740522bfc849116ad3d142f490f1707e5019a940496d871f/rtl/validation.json""}], ""independent_constraint_recovered"": false, ""independent_energy_improvement"": null, ""independent_scope"": ""scheduler only; constraint recovery is not a whole-task Pareto gain""}"
